pair,status,binance_symbol,interval,rows,start,end,files
1000CHEEMS/USD,ok,1000CHEEMSUSDT,1h,9676,2025-02-09 11:00:00+00:00,2026-03-19 14:00:00+00:00,"['data\\monthly_ohlcv\\2025-02\\1000CHEEMS_USD_1h.csv', 'data\\monthly_ohlcv\\2025-03\\1000CHEEMS_USD_1h.csv', 'data\\monthly_ohlcv\\2025-04\\1000CHEEMS_USD_1h.csv', 'data\\monthly_ohlcv\\2025-05\\1000CHEEMS_USD_1h.csv', 'data\\monthly_ohlcv\\2025-06\\1000CHEEMS_USD_1h.csv', 'data\\monthly_ohlcv\\2025-07\\1000CHEEMS_USD_1h.csv', 'data\\monthly_ohlcv\\2025-08\\1000CHEEMS_USD_1h.csv', 'data\\monthly_ohlcv\\2025-09\\1000CHEEMS_USD_1h.csv', 'data\\monthly_ohlcv\\2025-10\\1000CHEEMS_USD_1h.csv', 'data\\monthly_ohlcv\\2025-11\\1000CHEEMS_USD_1h.csv', 'data\\monthly_ohlcv\\2025-12\\1000CHEEMS_USD_1h.csv', 'data\\monthly_ohlcv\\2026-01\\1000CHEEMS_USD_1h.csv', 'data\\monthly_ohlcv\\2026-02\\1000CHEEMS_USD_1h.csv', 'data\\monthly_ohlcv\\2026-03\\1000CHEEMS_USD_1h.csv']"
AAVE/USD,ok,AAVEUSDT,1h,19407,2024-01-01 00:00:00+00:00,2026-03-19 14:00:00+00:00,"['data\\monthly_ohlcv\\2024-01\\AAVE_USD_1h.csv', 'data\\monthly_ohlcv\\2024-02\\AAVE_USD_1h.csv', 'data\\monthly_ohlcv\\2024-03\\AAVE_USD_1h.csv', 'data\\monthly_ohlcv\\2024-04\\AAVE_USD_1h.csv', 'data\\monthly_ohlcv\\2024-05\\AAVE_USD_1h.csv', 'data\\monthly_ohlcv\\2024-06\\AAVE_USD_1h.csv', 'data\\monthly_ohlcv\\2024-07\\AAVE_USD_1h.csv', 'data\\monthly_ohlcv\\2024-08\\AAVE_USD_1h.csv', 'data\\monthly_ohlcv\\2024-09\\AAVE_USD_1h.csv', 'data\\monthly_ohlcv\\2024-10\\AAVE_USD_1h.csv', 'data\\monthly_ohlcv\\2024-11\\AAVE_USD_1h.csv', 'data\\monthly_ohlcv\\2024-12\\AAVE_USD_1h.csv', 'data\\monthly_ohlcv\\2025-01\\AAVE_USD_1h.csv', 'data\\monthly_ohlcv\\2025-02\\AAVE_USD_1h.csv', 'data\\monthly_ohlcv\\2025-03\\AAVE_USD_1h.csv', 'data\\monthly_ohlcv\\2025-04\\AAVE_USD_1h.csv', 'data\\monthly_ohlcv\\2025-05\\AAVE_USD_1h.csv', 'data\\monthly_ohlcv\\2025-06\\AAVE_USD_1h.csv', 'data\\monthly_ohlcv\\2025-07\\AAVE_USD_1h.csv', 'data\\monthly_ohlcv\\2025-08\\AAVE_USD_1h.csv', 'data\\monthly_ohlcv\\2025-09\\AAVE_USD_1h.csv', 'data\\monthly_ohlcv\\2025-10\\AAVE_USD_1h.csv', 'data\\monthly_ohlcv\\2025-11\\AAVE_USD_1h.csv', 'data\\monthly_ohlcv\\2025-12\\AAVE_USD_1h.csv', 'data\\monthly_ohlcv\\2026-01\\AAVE_USD_1h.csv', 'data\\monthly_ohlcv\\2026-02\\AAVE_USD_1h.csv', 'data\\monthly_ohlcv\\2026-03\\AAVE_USD_1h.csv']"
ADA/USD,ok,ADAUSDT,1h,19407,2024-01-01 00:00:00+00:00,2026-03-19 14:00:00+00:00,"['data\\monthly_ohlcv\\2024-01\\ADA_USD_1h.csv', 'data\\monthly_ohlcv\\2024-02\\ADA_USD_1h.csv', 'data\\monthly_ohlcv\\2024-03\\ADA_USD_1h.csv', 'data\\monthly_ohlcv\\2024-04\\ADA_USD_1h.csv', 'data\\monthly_ohlcv\\2024-05\\ADA_USD_1h.csv', 'data\\monthly_ohlcv\\2024-06\\ADA_USD_1h.csv', 'data\\monthly_ohlcv\\2024-07\\ADA_USD_1h.csv', 'data\\monthly_ohlcv\\2024-08\\ADA_USD_1h.csv', 'data\\monthly_ohlcv\\2024-09\\ADA_USD_1h.csv', 'data\\monthly_ohlcv\\2024-10\\ADA_USD_1h.csv', 'data\\monthly_ohlcv\\2024-11\\ADA_USD_1h.csv', 'data\\monthly_ohlcv\\2024-12\\ADA_USD_1h.csv', 'data\\monthly_ohlcv\\2025-01\\ADA_USD_1h.csv', 'data\\monthly_ohlcv\\2025-02\\ADA_USD_1h.csv', 'data\\monthly_ohlcv\\2025-03\\ADA_USD_1h.csv', 'data\\monthly_ohlcv\\2025-04\\ADA_USD_1h.csv', 'data\\monthly_ohlcv\\2025-05\\ADA_USD_1h.csv', 'data\\monthly_ohlcv\\2025-06\\ADA_USD_1h.csv', 'data\\monthly_ohlcv\\2025-07\\ADA_USD_1h.csv', 'data\\monthly_ohlcv\\2025-08\\ADA_USD_1h.csv', 'data\\monthly_ohlcv\\2025-09\\ADA_USD_1h.csv', 'data\\monthly_ohlcv\\2025-10\\ADA_USD_1h.csv', 'data\\monthly_ohlcv\\2025-11\\ADA_USD_1h.csv', 'data\\monthly_ohlcv\\2025-12\\ADA_USD_1h.csv', 'data\\monthly_ohlcv\\2026-01\\ADA_USD_1h.csv', 'data\\monthly_ohlcv\\2026-02\\ADA_USD_1h.csv', 'data\\monthly_ohlcv\\2026-03\\ADA_USD_1h.csv']"
APT/USD,ok,APTUSDT,1h,19407,2024-01-01 00:00:00+00:00,2026-03-19 14:00:00+00:00,"['data\\monthly_ohlcv\\2024-01\\APT_USD_1h.csv', 'data\\monthly_ohlcv\\2024-02\\APT_USD_1h.csv', 'data\\monthly_ohlcv\\2024-03\\APT_USD_1h.csv', 'data\\monthly_ohlcv\\2024-04\\APT_USD_1h.csv', 'data\\monthly_ohlcv\\2024-05\\APT_USD_1h.csv', 'data\\monthly_ohlcv\\2024-06\\APT_USD_1h.csv', 'data\\monthly_ohlcv\\2024-07\\APT_USD_1h.csv', 'data\\monthly_ohlcv\\2024-08\\APT_USD_1h.csv', 'data\\monthly_ohlcv\\2024-09\\APT_USD_1h.csv', 'data\\monthly_ohlcv\\2024-10\\APT_USD_1h.csv', 'data\\monthly_ohlcv\\2024-11\\APT_USD_1h.csv', 'data\\monthly_ohlcv\\2024-12\\APT_USD_1h.csv', 'data\\monthly_ohlcv\\2025-01\\APT_USD_1h.csv', 'data\\monthly_ohlcv\\2025-02\\APT_USD_1h.csv', 'data\\monthly_ohlcv\\2025-03\\APT_USD_1h.csv', 'data\\monthly_ohlcv\\2025-04\\APT_USD_1h.csv', 'data\\monthly_ohlcv\\2025-05\\APT_USD_1h.csv', 'data\\monthly_ohlcv\\2025-06\\APT_USD_1h.csv', 'data\\monthly_ohlcv\\2025-07\\APT_USD_1h.csv', 'data\\monthly_ohlcv\\2025-08\\APT_USD_1h.csv', 'data\\monthly_ohlcv\\2025-09\\APT_USD_1h.csv', 'data\\monthly_ohlcv\\2025-10\\APT_USD_1h.csv', 'data\\monthly_ohlcv\\2025-11\\APT_USD_1h.csv', 'data\\monthly_ohlcv\\2025-12\\APT_USD_1h.csv', 'data\\monthly_ohlcv\\2026-01\\APT_USD_1h.csv', 'data\\monthly_ohlcv\\2026-02\\APT_USD_1h.csv', 'data\\monthly_ohlcv\\2026-03\\APT_USD_1h.csv']"
ARB/USD,ok,ARBUSDT,1h,19407,2024-01-01 00:00:00+00:00,2026-03-19 14:00:00+00:00,"['data\\monthly_ohlcv\\2024-01\\ARB_USD_1h.csv', 'data\\monthly_ohlcv\\2024-02\\ARB_USD_1h.csv', 'data\\monthly_ohlcv\\2024-03\\ARB_USD_1h.csv', 'data\\monthly_ohlcv\\2024-04\\ARB_USD_1h.csv', 'data\\monthly_ohlcv\\2024-05\\ARB_USD_1h.csv', 'data\\monthly_ohlcv\\2024-06\\ARB_USD_1h.csv', 'data\\monthly_ohlcv\\2024-07\\ARB_USD_1h.csv', 'data\\monthly_ohlcv\\2024-08\\ARB_USD_1h.csv', 'data\\monthly_ohlcv\\2024-09\\ARB_USD_1h.csv', 'data\\monthly_ohlcv\\2024-10\\ARB_USD_1h.csv', 'data\\monthly_ohlcv\\2024-11\\ARB_USD_1h.csv', 'data\\monthly_ohlcv\\2024-12\\ARB_USD_1h.csv', 'data\\monthly_ohlcv\\2025-01\\ARB_USD_1h.csv', 'data\\monthly_ohlcv\\2025-02\\ARB_USD_1h.csv', 'data\\monthly_ohlcv\\2025-03\\ARB_USD_1h.csv', 'data\\monthly_ohlcv\\2025-04\\ARB_USD_1h.csv', 'data\\monthly_ohlcv\\2025-05\\ARB_USD_1h.csv', 'data\\monthly_ohlcv\\2025-06\\ARB_USD_1h.csv', 'data\\monthly_ohlcv\\2025-07\\ARB_USD_1h.csv', 'data\\monthly_ohlcv\\2025-08\\ARB_USD_1h.csv', 'data\\monthly_ohlcv\\2025-09\\ARB_USD_1h.csv', 'data\\monthly_ohlcv\\2025-10\\ARB_USD_1h.csv', 'data\\monthly_ohlcv\\2025-11\\ARB_USD_1h.csv', 'data\\monthly_ohlcv\\2025-12\\ARB_USD_1h.csv', 'data\\monthly_ohlcv\\2026-01\\ARB_USD_1h.csv', 'data\\monthly_ohlcv\\2026-02\\ARB_USD_1h.csv', 'data\\monthly_ohlcv\\2026-03\\ARB_USD_1h.csv']"
ASTER/USD,ok,ASTERUSDT,1h,3939,2025-10-06 12:00:00+00:00,2026-03-19 14:00:00+00:00,"['data\\monthly_ohlcv\\2025-10\\ASTER_USD_1h.csv', 'data\\monthly_ohlcv\\2025-11\\ASTER_USD_1h.csv', 'data\\monthly_ohlcv\\2025-12\\ASTER_USD_1h.csv', 'data\\monthly_ohlcv\\2026-01\\ASTER_USD_1h.csv', 'data\\monthly_ohlcv\\2026-02\\ASTER_USD_1h.csv', 'data\\monthly_ohlcv\\2026-03\\ASTER_USD_1h.csv']"
AVAX/USD,ok,AVAXUSDT,1h,19407,2024-01-01 00:00:00+00:00,2026-03-19 14:00:00+00:00,"['data\\monthly_ohlcv\\2024-01\\AVAX_USD_1h.csv', 'data\\monthly_ohlcv\\2024-02\\AVAX_USD_1h.csv', 'data\\monthly_ohlcv\\2024-03\\AVAX_USD_1h.csv', 'data\\monthly_ohlcv\\2024-04\\AVAX_USD_1h.csv', 'data\\monthly_ohlcv\\2024-05\\AVAX_USD_1h.csv', 'data\\monthly_ohlcv\\2024-06\\AVAX_USD_1h.csv', 'data\\monthly_ohlcv\\2024-07\\AVAX_USD_1h.csv', 'data\\monthly_ohlcv\\2024-08\\AVAX_USD_1h.csv', 'data\\monthly_ohlcv\\2024-09\\AVAX_USD_1h.csv', 'data\\monthly_ohlcv\\2024-10\\AVAX_USD_1h.csv', 'data\\monthly_ohlcv\\2024-11\\AVAX_USD_1h.csv', 'data\\monthly_ohlcv\\2024-12\\AVAX_USD_1h.csv', 'data\\monthly_ohlcv\\2025-01\\AVAX_USD_1h.csv', 'data\\monthly_ohlcv\\2025-02\\AVAX_USD_1h.csv', 'data\\monthly_ohlcv\\2025-03\\AVAX_USD_1h.csv', 'data\\monthly_ohlcv\\2025-04\\AVAX_USD_1h.csv', 'data\\monthly_ohlcv\\2025-05\\AVAX_USD_1h.csv', 'data\\monthly_ohlcv\\2025-06\\AVAX_USD_1h.csv', 'data\\monthly_ohlcv\\2025-07\\AVAX_USD_1h.csv', 'data\\monthly_ohlcv\\2025-08\\AVAX_USD_1h.csv', 'data\\monthly_ohlcv\\2025-09\\AVAX_USD_1h.csv', 'data\\monthly_ohlcv\\2025-10\\AVAX_USD_1h.csv', 'data\\monthly_ohlcv\\2025-11\\AVAX_USD_1h.csv', 'data\\monthly_ohlcv\\2025-12\\AVAX_USD_1h.csv', 'data\\monthly_ohlcv\\2026-01\\AVAX_USD_1h.csv', 'data\\monthly_ohlcv\\2026-02\\AVAX_USD_1h.csv', 'data\\monthly_ohlcv\\2026-03\\AVAX_USD_1h.csv']"
AVNT/USD,ok,AVNTUSDT,1h,4450,2025-09-15 05:00:00+00:00,2026-03-19 14:00:00+00:00,"['data\\monthly_ohlcv\\2025-09\\AVNT_USD_1h.csv', 'data\\monthly_ohlcv\\2025-10\\AVNT_USD_1h.csv', 'data\\monthly_ohlcv\\2025-11\\AVNT_USD_1h.csv', 'data\\monthly_ohlcv\\2025-12\\AVNT_USD_1h.csv', 'data\\monthly_ohlcv\\2026-01\\AVNT_USD_1h.csv', 'data\\monthly_ohlcv\\2026-02\\AVNT_USD_1h.csv', 'data\\monthly_ohlcv\\2026-03\\AVNT_USD_1h.csv']"
BIO/USD,ok,BIOUSDT,1h,10565,2025-01-03 10:00:00+00:00,2026-03-19 14:00:00+00:00,"['data\\monthly_ohlcv\\2025-01\\BIO_USD_1h.csv', 'data\\monthly_ohlcv\\2025-02\\BIO_USD_1h.csv', 'data\\monthly_ohlcv\\2025-03\\BIO_USD_1h.csv', 'data\\monthly_ohlcv\\2025-04\\BIO_USD_1h.csv', 'data\\monthly_ohlcv\\2025-05\\BIO_USD_1h.csv', 'data\\monthly_ohlcv\\2025-06\\BIO_USD_1h.csv', 'data\\monthly_ohlcv\\2025-07\\BIO_USD_1h.csv', 'data\\monthly_ohlcv\\2025-08\\BIO_USD_1h.csv', 'data\\monthly_ohlcv\\2025-09\\BIO_USD_1h.csv', 'data\\monthly_ohlcv\\2025-10\\BIO_USD_1h.csv', 'data\\monthly_ohlcv\\2025-11\\BIO_USD_1h.csv', 'data\\monthly_ohlcv\\2025-12\\BIO_USD_1h.csv', 'data\\monthly_ohlcv\\2026-01\\BIO_USD_1h.csv', 'data\\monthly_ohlcv\\2026-02\\BIO_USD_1h.csv', 'data\\monthly_ohlcv\\2026-03\\BIO_USD_1h.csv']"
BMT/USD,ok,BMTUSDT,1h,8784,2025-03-18 15:00:00+00:00,2026-03-19 14:00:00+00:00,"['data\\monthly_ohlcv\\2025-03\\BMT_USD_1h.csv', 'data\\monthly_ohlcv\\2025-04\\BMT_USD_1h.csv', 'data\\monthly_ohlcv\\2025-05\\BMT_USD_1h.csv', 'data\\monthly_ohlcv\\2025-06\\BMT_USD_1h.csv', 'data\\monthly_ohlcv\\2025-07\\BMT_USD_1h.csv', 'data\\monthly_ohlcv\\2025-08\\BMT_USD_1h.csv', 'data\\monthly_ohlcv\\2025-09\\BMT_USD_1h.csv', 'data\\monthly_ohlcv\\2025-10\\BMT_USD_1h.csv', 'data\\monthly_ohlcv\\2025-11\\BMT_USD_1h.csv', 'data\\monthly_ohlcv\\2025-12\\BMT_USD_1h.csv', 'data\\monthly_ohlcv\\2026-01\\BMT_USD_1h.csv', 'data\\monthly_ohlcv\\2026-02\\BMT_USD_1h.csv', 'data\\monthly_ohlcv\\2026-03\\BMT_USD_1h.csv']"
BNB/USD,ok,BNBUSDT,1h,19407,2024-01-01 00:00:00+00:00,2026-03-19 14:00:00+00:00,"['data\\monthly_ohlcv\\2024-01\\BNB_USD_1h.csv', 'data\\monthly_ohlcv\\2024-02\\BNB_USD_1h.csv', 'data\\monthly_ohlcv\\2024-03\\BNB_USD_1h.csv', 'data\\monthly_ohlcv\\2024-04\\BNB_USD_1h.csv', 'data\\monthly_ohlcv\\2024-05\\BNB_USD_1h.csv', 'data\\monthly_ohlcv\\2024-06\\BNB_USD_1h.csv', 'data\\monthly_ohlcv\\2024-07\\BNB_USD_1h.csv', 'data\\monthly_ohlcv\\2024-08\\BNB_USD_1h.csv', 'data\\monthly_ohlcv\\2024-09\\BNB_USD_1h.csv', 'data\\monthly_ohlcv\\2024-10\\BNB_USD_1h.csv', 'data\\monthly_ohlcv\\2024-11\\BNB_USD_1h.csv', 'data\\monthly_ohlcv\\2024-12\\BNB_USD_1h.csv', 'data\\monthly_ohlcv\\2025-01\\BNB_USD_1h.csv', 'data\\monthly_ohlcv\\2025-02\\BNB_USD_1h.csv', 'data\\monthly_ohlcv\\2025-03\\BNB_USD_1h.csv', 'data\\monthly_ohlcv\\2025-04\\BNB_USD_1h.csv', 'data\\monthly_ohlcv\\2025-05\\BNB_USD_1h.csv', 'data\\monthly_ohlcv\\2025-06\\BNB_USD_1h.csv', 'data\\monthly_ohlcv\\2025-07\\BNB_USD_1h.csv', 'data\\monthly_ohlcv\\2025-08\\BNB_USD_1h.csv', 'data\\monthly_ohlcv\\2025-09\\BNB_USD_1h.csv', 'data\\monthly_ohlcv\\2025-10\\BNB_USD_1h.csv', 'data\\monthly_ohlcv\\2025-11\\BNB_USD_1h.csv', 'data\\monthly_ohlcv\\2025-12\\BNB_USD_1h.csv', 'data\\monthly_ohlcv\\2026-01\\BNB_USD_1h.csv', 'data\\monthly_ohlcv\\2026-02\\BNB_USD_1h.csv', 'data\\monthly_ohlcv\\2026-03\\BNB_USD_1h.csv']"
BONK/USD,ok,BONKUSDT,1h,19407,2024-01-01 00:00:00+00:00,2026-03-19 14:00:00+00:00,"['data\\monthly_ohlcv\\2024-01\\BONK_USD_1h.csv', 'data\\monthly_ohlcv\\2024-02\\BONK_USD_1h.csv', 'data\\monthly_ohlcv\\2024-03\\BONK_USD_1h.csv', 'data\\monthly_ohlcv\\2024-04\\BONK_USD_1h.csv', 'data\\monthly_ohlcv\\2024-05\\BONK_USD_1h.csv', 'data\\monthly_ohlcv\\2024-06\\BONK_USD_1h.csv', 'data\\monthly_ohlcv\\2024-07\\BONK_USD_1h.csv', 'data\\monthly_ohlcv\\2024-08\\BONK_USD_1h.csv', 'data\\monthly_ohlcv\\2024-09\\BONK_USD_1h.csv', 'data\\monthly_ohlcv\\2024-10\\BONK_USD_1h.csv', 'data\\monthly_ohlcv\\2024-11\\BONK_USD_1h.csv', 'data\\monthly_ohlcv\\2024-12\\BONK_USD_1h.csv', 'data\\monthly_ohlcv\\2025-01\\BONK_USD_1h.csv', 'data\\monthly_ohlcv\\2025-02\\BONK_USD_1h.csv', 'data\\monthly_ohlcv\\2025-03\\BONK_USD_1h.csv', 'data\\monthly_ohlcv\\2025-04\\BONK_USD_1h.csv', 'data\\monthly_ohlcv\\2025-05\\BONK_USD_1h.csv', 'data\\monthly_ohlcv\\2025-06\\BONK_USD_1h.csv', 'data\\monthly_ohlcv\\2025-07\\BONK_USD_1h.csv', 'data\\monthly_ohlcv\\2025-08\\BONK_USD_1h.csv', 'data\\monthly_ohlcv\\2025-09\\BONK_USD_1h.csv', 'data\\monthly_ohlcv\\2025-10\\BONK_USD_1h.csv', 'data\\monthly_ohlcv\\2025-11\\BONK_USD_1h.csv', 'data\\monthly_ohlcv\\2025-12\\BONK_USD_1h.csv', 'data\\monthly_ohlcv\\2026-01\\BONK_USD_1h.csv', 'data\\monthly_ohlcv\\2026-02\\BONK_USD_1h.csv', 'data\\monthly_ohlcv\\2026-03\\BONK_USD_1h.csv']"
BTC/USD,ok,BTCUSDT,1h,19407,2024-01-01 00:00:00+00:00,2026-03-19 14:00:00+00:00,"['data\\monthly_ohlcv\\2024-01\\BTC_USD_1h.csv', 'data\\monthly_ohlcv\\2024-02\\BTC_USD_1h.csv', 'data\\monthly_ohlcv\\2024-03\\BTC_USD_1h.csv', 'data\\monthly_ohlcv\\2024-04\\BTC_USD_1h.csv', 'data\\monthly_ohlcv\\2024-05\\BTC_USD_1h.csv', 'data\\monthly_ohlcv\\2024-06\\BTC_USD_1h.csv', 'data\\monthly_ohlcv\\2024-07\\BTC_USD_1h.csv', 'data\\monthly_ohlcv\\2024-08\\BTC_USD_1h.csv', 'data\\monthly_ohlcv\\2024-09\\BTC_USD_1h.csv', 'data\\monthly_ohlcv\\2024-10\\BTC_USD_1h.csv', 'data\\monthly_ohlcv\\2024-11\\BTC_USD_1h.csv', 'data\\monthly_ohlcv\\2024-12\\BTC_USD_1h.csv', 'data\\monthly_ohlcv\\2025-01\\BTC_USD_1h.csv', 'data\\monthly_ohlcv\\2025-02\\BTC_USD_1h.csv', 'data\\monthly_ohlcv\\2025-03\\BTC_USD_1h.csv', 'data\\monthly_ohlcv\\2025-04\\BTC_USD_1h.csv', 'data\\monthly_ohlcv\\2025-05\\BTC_USD_1h.csv', 'data\\monthly_ohlcv\\2025-06\\BTC_USD_1h.csv', 'data\\monthly_ohlcv\\2025-07\\BTC_USD_1h.csv', 'data\\monthly_ohlcv\\2025-08\\BTC_USD_1h.csv', 'data\\monthly_ohlcv\\2025-09\\BTC_USD_1h.csv', 'data\\monthly_ohlcv\\2025-10\\BTC_USD_1h.csv', 'data\\monthly_ohlcv\\2025-11\\BTC_USD_1h.csv', 'data\\monthly_ohlcv\\2025-12\\BTC_USD_1h.csv', 'data\\monthly_ohlcv\\2026-01\\BTC_USD_1h.csv', 'data\\monthly_ohlcv\\2026-02\\BTC_USD_1h.csv', 'data\\monthly_ohlcv\\2026-03\\BTC_USD_1h.csv']"
CAKE/USD,ok,CAKEUSDT,1h,19407,2024-01-01 00:00:00+00:00,2026-03-19 14:00:00+00:00,"['data\\monthly_ohlcv\\2024-01\\CAKE_USD_1h.csv', 'data\\monthly_ohlcv\\2024-02\\CAKE_USD_1h.csv', 'data\\monthly_ohlcv\\2024-03\\CAKE_USD_1h.csv', 'data\\monthly_ohlcv\\2024-04\\CAKE_USD_1h.csv', 'data\\monthly_ohlcv\\2024-05\\CAKE_USD_1h.csv', 'data\\monthly_ohlcv\\2024-06\\CAKE_USD_1h.csv', 'data\\monthly_ohlcv\\2024-07\\CAKE_USD_1h.csv', 'data\\monthly_ohlcv\\2024-08\\CAKE_USD_1h.csv', 'data\\monthly_ohlcv\\2024-09\\CAKE_USD_1h.csv', 'data\\monthly_ohlcv\\2024-10\\CAKE_USD_1h.csv', 'data\\monthly_ohlcv\\2024-11\\CAKE_USD_1h.csv', 'data\\monthly_ohlcv\\2024-12\\CAKE_USD_1h.csv', 'data\\monthly_ohlcv\\2025-01\\CAKE_USD_1h.csv', 'data\\monthly_ohlcv\\2025-02\\CAKE_USD_1h.csv', 'data\\monthly_ohlcv\\2025-03\\CAKE_USD_1h.csv', 'data\\monthly_ohlcv\\2025-04\\CAKE_USD_1h.csv', 'data\\monthly_ohlcv\\2025-05\\CAKE_USD_1h.csv', 'data\\monthly_ohlcv\\2025-06\\CAKE_USD_1h.csv', 'data\\monthly_ohlcv\\2025-07\\CAKE_USD_1h.csv', 'data\\monthly_ohlcv\\2025-08\\CAKE_USD_1h.csv', 'data\\monthly_ohlcv\\2025-09\\CAKE_USD_1h.csv', 'data\\monthly_ohlcv\\2025-10\\CAKE_USD_1h.csv', 'data\\monthly_ohlcv\\2025-11\\CAKE_USD_1h.csv', 'data\\monthly_ohlcv\\2025-12\\CAKE_USD_1h.csv', 'data\\monthly_ohlcv\\2026-01\\CAKE_USD_1h.csv', 'data\\monthly_ohlcv\\2026-02\\CAKE_USD_1h.csv', 'data\\monthly_ohlcv\\2026-03\\CAKE_USD_1h.csv']"
CFX/USD,ok,CFXUSDT,1h,19407,2024-01-01 00:00:00+00:00,2026-03-19 14:00:00+00:00,"['data\\monthly_ohlcv\\2024-01\\CFX_USD_1h.csv', 'data\\monthly_ohlcv\\2024-02\\CFX_USD_1h.csv', 'data\\monthly_ohlcv\\2024-03\\CFX_USD_1h.csv', 'data\\monthly_ohlcv\\2024-04\\CFX_USD_1h.csv', 'data\\monthly_ohlcv\\2024-05\\CFX_USD_1h.csv', 'data\\monthly_ohlcv\\2024-06\\CFX_USD_1h.csv', 'data\\monthly_ohlcv\\2024-07\\CFX_USD_1h.csv', 'data\\monthly_ohlcv\\2024-08\\CFX_USD_1h.csv', 'data\\monthly_ohlcv\\2024-09\\CFX_USD_1h.csv', 'data\\monthly_ohlcv\\2024-10\\CFX_USD_1h.csv', 'data\\monthly_ohlcv\\2024-11\\CFX_USD_1h.csv', 'data\\monthly_ohlcv\\2024-12\\CFX_USD_1h.csv', 'data\\monthly_ohlcv\\2025-01\\CFX_USD_1h.csv', 'data\\monthly_ohlcv\\2025-02\\CFX_USD_1h.csv', 'data\\monthly_ohlcv\\2025-03\\CFX_USD_1h.csv', 'data\\monthly_ohlcv\\2025-04\\CFX_USD_1h.csv', 'data\\monthly_ohlcv\\2025-05\\CFX_USD_1h.csv', 'data\\monthly_ohlcv\\2025-06\\CFX_USD_1h.csv', 'data\\monthly_ohlcv\\2025-07\\CFX_USD_1h.csv', 'data\\monthly_ohlcv\\2025-08\\CFX_USD_1h.csv', 'data\\monthly_ohlcv\\2025-09\\CFX_USD_1h.csv', 'data\\monthly_ohlcv\\2025-10\\CFX_USD_1h.csv', 'data\\monthly_ohlcv\\2025-11\\CFX_USD_1h.csv', 'data\\monthly_ohlcv\\2025-12\\CFX_USD_1h.csv', 'data\\monthly_ohlcv\\2026-01\\CFX_USD_1h.csv', 'data\\monthly_ohlcv\\2026-02\\CFX_USD_1h.csv', 'data\\monthly_ohlcv\\2026-03\\CFX_USD_1h.csv']"
CRV/USD,ok,CRVUSDT,1h,19407,2024-01-01 00:00:00+00:00,2026-03-19 14:00:00+00:00,"['data\\monthly_ohlcv\\2024-01\\CRV_USD_1h.csv', 'data\\monthly_ohlcv\\2024-02\\CRV_USD_1h.csv', 'data\\monthly_ohlcv\\2024-03\\CRV_USD_1h.csv', 'data\\monthly_ohlcv\\2024-04\\CRV_USD_1h.csv', 'data\\monthly_ohlcv\\2024-05\\CRV_USD_1h.csv', 'data\\monthly_ohlcv\\2024-06\\CRV_USD_1h.csv', 'data\\monthly_ohlcv\\2024-07\\CRV_USD_1h.csv', 'data\\monthly_ohlcv\\2024-08\\CRV_USD_1h.csv', 'data\\monthly_ohlcv\\2024-09\\CRV_USD_1h.csv', 'data\\monthly_ohlcv\\2024-10\\CRV_USD_1h.csv', 'data\\monthly_ohlcv\\2024-11\\CRV_USD_1h.csv', 'data\\monthly_ohlcv\\2024-12\\CRV_USD_1h.csv', 'data\\monthly_ohlcv\\2025-01\\CRV_USD_1h.csv', 'data\\monthly_ohlcv\\2025-02\\CRV_USD_1h.csv', 'data\\monthly_ohlcv\\2025-03\\CRV_USD_1h.csv', 'data\\monthly_ohlcv\\2025-04\\CRV_USD_1h.csv', 'data\\monthly_ohlcv\\2025-05\\CRV_USD_1h.csv', 'data\\monthly_ohlcv\\2025-06\\CRV_USD_1h.csv', 'data\\monthly_ohlcv\\2025-07\\CRV_USD_1h.csv', 'data\\monthly_ohlcv\\2025-08\\CRV_USD_1h.csv', 'data\\monthly_ohlcv\\2025-09\\CRV_USD_1h.csv', 'data\\monthly_ohlcv\\2025-10\\CRV_USD_1h.csv', 'data\\monthly_ohlcv\\2025-11\\CRV_USD_1h.csv', 'data\\monthly_ohlcv\\2025-12\\CRV_USD_1h.csv', 'data\\monthly_ohlcv\\2026-01\\CRV_USD_1h.csv', 'data\\monthly_ohlcv\\2026-02\\CRV_USD_1h.csv', 'data\\monthly_ohlcv\\2026-03\\CRV_USD_1h.csv']"
DOGE/USD,ok,DOGEUSDT,1h,19407,2024-01-01 00:00:00+00:00,2026-03-19 14:00:00+00:00,"['data\\monthly_ohlcv\\2024-01\\DOGE_USD_1h.csv', 'data\\monthly_ohlcv\\2024-02\\DOGE_USD_1h.csv', 'data\\monthly_ohlcv\\2024-03\\DOGE_USD_1h.csv', 'data\\monthly_ohlcv\\2024-04\\DOGE_USD_1h.csv', 'data\\monthly_ohlcv\\2024-05\\DOGE_USD_1h.csv', 'data\\monthly_ohlcv\\2024-06\\DOGE_USD_1h.csv', 'data\\monthly_ohlcv\\2024-07\\DOGE_USD_1h.csv', 'data\\monthly_ohlcv\\2024-08\\DOGE_USD_1h.csv', 'data\\monthly_ohlcv\\2024-09\\DOGE_USD_1h.csv', 'data\\monthly_ohlcv\\2024-10\\DOGE_USD_1h.csv', 'data\\monthly_ohlcv\\2024-11\\DOGE_USD_1h.csv', 'data\\monthly_ohlcv\\2024-12\\DOGE_USD_1h.csv', 'data\\monthly_ohlcv\\2025-01\\DOGE_USD_1h.csv', 'data\\monthly_ohlcv\\2025-02\\DOGE_USD_1h.csv', 'data\\monthly_ohlcv\\2025-03\\DOGE_USD_1h.csv', 'data\\monthly_ohlcv\\2025-04\\DOGE_USD_1h.csv', 'data\\monthly_ohlcv\\2025-05\\DOGE_USD_1h.csv', 'data\\monthly_ohlcv\\2025-06\\DOGE_USD_1h.csv', 'data\\monthly_ohlcv\\2025-07\\DOGE_USD_1h.csv', 'data\\monthly_ohlcv\\2025-08\\DOGE_USD_1h.csv', 'data\\monthly_ohlcv\\2025-09\\DOGE_USD_1h.csv', 'data\\monthly_ohlcv\\2025-10\\DOGE_USD_1h.csv', 'data\\monthly_ohlcv\\2025-11\\DOGE_USD_1h.csv', 'data\\monthly_ohlcv\\2025-12\\DOGE_USD_1h.csv', 'data\\monthly_ohlcv\\2026-01\\DOGE_USD_1h.csv', 'data\\monthly_ohlcv\\2026-02\\DOGE_USD_1h.csv', 'data\\monthly_ohlcv\\2026-03\\DOGE_USD_1h.csv']"
DOT/USD,ok,DOTUSDT,1h,19407,2024-01-01 00:00:00+00:00,2026-03-19 14:00:00+00:00,"['data\\monthly_ohlcv\\2024-01\\DOT_USD_1h.csv', 'data\\monthly_ohlcv\\2024-02\\DOT_USD_1h.csv', 'data\\monthly_ohlcv\\2024-03\\DOT_USD_1h.csv', 'data\\monthly_ohlcv\\2024-04\\DOT_USD_1h.csv', 'data\\monthly_ohlcv\\2024-05\\DOT_USD_1h.csv', 'data\\monthly_ohlcv\\2024-06\\DOT_USD_1h.csv', 'data\\monthly_ohlcv\\2024-07\\DOT_USD_1h.csv', 'data\\monthly_ohlcv\\2024-08\\DOT_USD_1h.csv', 'data\\monthly_ohlcv\\2024-09\\DOT_USD_1h.csv', 'data\\monthly_ohlcv\\2024-10\\DOT_USD_1h.csv', 'data\\monthly_ohlcv\\2024-11\\DOT_USD_1h.csv', 'data\\monthly_ohlcv\\2024-12\\DOT_USD_1h.csv', 'data\\monthly_ohlcv\\2025-01\\DOT_USD_1h.csv', 'data\\monthly_ohlcv\\2025-02\\DOT_USD_1h.csv', 'data\\monthly_ohlcv\\2025-03\\DOT_USD_1h.csv', 'data\\monthly_ohlcv\\2025-04\\DOT_USD_1h.csv', 'data\\monthly_ohlcv\\2025-05\\DOT_USD_1h.csv', 'data\\monthly_ohlcv\\2025-06\\DOT_USD_1h.csv', 'data\\monthly_ohlcv\\2025-07\\DOT_USD_1h.csv', 'data\\monthly_ohlcv\\2025-08\\DOT_USD_1h.csv', 'data\\monthly_ohlcv\\2025-09\\DOT_USD_1h.csv', 'data\\monthly_ohlcv\\2025-10\\DOT_USD_1h.csv', 'data\\monthly_ohlcv\\2025-11\\DOT_USD_1h.csv', 'data\\monthly_ohlcv\\2025-12\\DOT_USD_1h.csv', 'data\\monthly_ohlcv\\2026-01\\DOT_USD_1h.csv', 'data\\monthly_ohlcv\\2026-02\\DOT_USD_1h.csv', 'data\\monthly_ohlcv\\2026-03\\DOT_USD_1h.csv']"
EDEN/USD,ok,EDENUSDT,1h,4084,2025-09-30 11:00:00+00:00,2026-03-19 14:00:00+00:00,"['data\\monthly_ohlcv\\2025-09\\EDEN_USD_1h.csv', 'data\\monthly_ohlcv\\2025-10\\EDEN_USD_1h.csv', 'data\\monthly_ohlcv\\2025-11\\EDEN_USD_1h.csv', 'data\\monthly_ohlcv\\2025-12\\EDEN_USD_1h.csv', 'data\\monthly_ohlcv\\2026-01\\EDEN_USD_1h.csv', 'data\\monthly_ohlcv\\2026-02\\EDEN_USD_1h.csv', 'data\\monthly_ohlcv\\2026-03\\EDEN_USD_1h.csv']"
EIGEN/USD,ok,EIGENUSDT,1h,12826,2024-10-01 05:00:00+00:00,2026-03-19 14:00:00+00:00,"['data\\monthly_ohlcv\\2024-10\\EIGEN_USD_1h.csv', 'data\\monthly_ohlcv\\2024-11\\EIGEN_USD_1h.csv', 'data\\monthly_ohlcv\\2024-12\\EIGEN_USD_1h.csv', 'data\\monthly_ohlcv\\2025-01\\EIGEN_USD_1h.csv', 'data\\monthly_ohlcv\\2025-02\\EIGEN_USD_1h.csv', 'data\\monthly_ohlcv\\2025-03\\EIGEN_USD_1h.csv', 'data\\monthly_ohlcv\\2025-04\\EIGEN_USD_1h.csv', 'data\\monthly_ohlcv\\2025-05\\EIGEN_USD_1h.csv', 'data\\monthly_ohlcv\\2025-06\\EIGEN_USD_1h.csv', 'data\\monthly_ohlcv\\2025-07\\EIGEN_USD_1h.csv', 'data\\monthly_ohlcv\\2025-08\\EIGEN_USD_1h.csv', 'data\\monthly_ohlcv\\2025-09\\EIGEN_USD_1h.csv', 'data\\monthly_ohlcv\\2025-10\\EIGEN_USD_1h.csv', 'data\\monthly_ohlcv\\2025-11\\EIGEN_USD_1h.csv', 'data\\monthly_ohlcv\\2025-12\\EIGEN_USD_1h.csv', 'data\\monthly_ohlcv\\2026-01\\EIGEN_USD_1h.csv', 'data\\monthly_ohlcv\\2026-02\\EIGEN_USD_1h.csv', 'data\\monthly_ohlcv\\2026-03\\EIGEN_USD_1h.csv']"
ENA/USD,ok,ENAUSDT,1h,17191,2024-04-02 08:00:00+00:00,2026-03-19 14:00:00+00:00,"['data\\monthly_ohlcv\\2024-04\\ENA_USD_1h.csv', 'data\\monthly_ohlcv\\2024-05\\ENA_USD_1h.csv', 'data\\monthly_ohlcv\\2024-06\\ENA_USD_1h.csv', 'data\\monthly_ohlcv\\2024-07\\ENA_USD_1h.csv', 'data\\monthly_ohlcv\\2024-08\\ENA_USD_1h.csv', 'data\\monthly_ohlcv\\2024-09\\ENA_USD_1h.csv', 'data\\monthly_ohlcv\\2024-10\\ENA_USD_1h.csv', 'data\\monthly_ohlcv\\2024-11\\ENA_USD_1h.csv', 'data\\monthly_ohlcv\\2024-12\\ENA_USD_1h.csv', 'data\\monthly_ohlcv\\2025-01\\ENA_USD_1h.csv', 'data\\monthly_ohlcv\\2025-02\\ENA_USD_1h.csv', 'data\\monthly_ohlcv\\2025-03\\ENA_USD_1h.csv', 'data\\monthly_ohlcv\\2025-04\\ENA_USD_1h.csv', 'data\\monthly_ohlcv\\2025-05\\ENA_USD_1h.csv', 'data\\monthly_ohlcv\\2025-06\\ENA_USD_1h.csv', 'data\\monthly_ohlcv\\2025-07\\ENA_USD_1h.csv', 'data\\monthly_ohlcv\\2025-08\\ENA_USD_1h.csv', 'data\\monthly_ohlcv\\2025-09\\ENA_USD_1h.csv', 'data\\monthly_ohlcv\\2025-10\\ENA_USD_1h.csv', 'data\\monthly_ohlcv\\2025-11\\ENA_USD_1h.csv', 'data\\monthly_ohlcv\\2025-12\\ENA_USD_1h.csv', 'data\\monthly_ohlcv\\2026-01\\ENA_USD_1h.csv', 'data\\monthly_ohlcv\\2026-02\\ENA_USD_1h.csv', 'data\\monthly_ohlcv\\2026-03\\ENA_USD_1h.csv']"
ETH/USD,ok,ETHUSDT,1h,19407,2024-01-01 00:00:00+00:00,2026-03-19 14:00:00+00:00,"['data\\monthly_ohlcv\\2024-01\\ETH_USD_1h.csv', 'data\\monthly_ohlcv\\2024-02\\ETH_USD_1h.csv', 'data\\monthly_ohlcv\\2024-03\\ETH_USD_1h.csv', 'data\\monthly_ohlcv\\2024-04\\ETH_USD_1h.csv', 'data\\monthly_ohlcv\\2024-05\\ETH_USD_1h.csv', 'data\\monthly_ohlcv\\2024-06\\ETH_USD_1h.csv', 'data\\monthly_ohlcv\\2024-07\\ETH_USD_1h.csv', 'data\\monthly_ohlcv\\2024-08\\ETH_USD_1h.csv', 'data\\monthly_ohlcv\\2024-09\\ETH_USD_1h.csv', 'data\\monthly_ohlcv\\2024-10\\ETH_USD_1h.csv', 'data\\monthly_ohlcv\\2024-11\\ETH_USD_1h.csv', 'data\\monthly_ohlcv\\2024-12\\ETH_USD_1h.csv', 'data\\monthly_ohlcv\\2025-01\\ETH_USD_1h.csv', 'data\\monthly_ohlcv\\2025-02\\ETH_USD_1h.csv', 'data\\monthly_ohlcv\\2025-03\\ETH_USD_1h.csv', 'data\\monthly_ohlcv\\2025-04\\ETH_USD_1h.csv', 'data\\monthly_ohlcv\\2025-05\\ETH_USD_1h.csv', 'data\\monthly_ohlcv\\2025-06\\ETH_USD_1h.csv', 'data\\monthly_ohlcv\\2025-07\\ETH_USD_1h.csv', 'data\\monthly_ohlcv\\2025-08\\ETH_USD_1h.csv', 'data\\monthly_ohlcv\\2025-09\\ETH_USD_1h.csv', 'data\\monthly_ohlcv\\2025-10\\ETH_USD_1h.csv', 'data\\monthly_ohlcv\\2025-11\\ETH_USD_1h.csv', 'data\\monthly_ohlcv\\2025-12\\ETH_USD_1h.csv', 'data\\monthly_ohlcv\\2026-01\\ETH_USD_1h.csv', 'data\\monthly_ohlcv\\2026-02\\ETH_USD_1h.csv', 'data\\monthly_ohlcv\\2026-03\\ETH_USD_1h.csv']"
FET/USD,ok,FETUSDT,1h,19407,2024-01-01 00:00:00+00:00,2026-03-19 14:00:00+00:00,"['data\\monthly_ohlcv\\2024-01\\FET_USD_1h.csv', 'data\\monthly_ohlcv\\2024-02\\FET_USD_1h.csv', 'data\\monthly_ohlcv\\2024-03\\FET_USD_1h.csv', 'data\\monthly_ohlcv\\2024-04\\FET_USD_1h.csv', 'data\\monthly_ohlcv\\2024-05\\FET_USD_1h.csv', 'data\\monthly_ohlcv\\2024-06\\FET_USD_1h.csv', 'data\\monthly_ohlcv\\2024-07\\FET_USD_1h.csv', 'data\\monthly_ohlcv\\2024-08\\FET_USD_1h.csv', 'data\\monthly_ohlcv\\2024-09\\FET_USD_1h.csv', 'data\\monthly_ohlcv\\2024-10\\FET_USD_1h.csv', 'data\\monthly_ohlcv\\2024-11\\FET_USD_1h.csv', 'data\\monthly_ohlcv\\2024-12\\FET_USD_1h.csv', 'data\\monthly_ohlcv\\2025-01\\FET_USD_1h.csv', 'data\\monthly_ohlcv\\2025-02\\FET_USD_1h.csv', 'data\\monthly_ohlcv\\2025-03\\FET_USD_1h.csv', 'data\\monthly_ohlcv\\2025-04\\FET_USD_1h.csv', 'data\\monthly_ohlcv\\2025-05\\FET_USD_1h.csv', 'data\\monthly_ohlcv\\2025-06\\FET_USD_1h.csv', 'data\\monthly_ohlcv\\2025-07\\FET_USD_1h.csv', 'data\\monthly_ohlcv\\2025-08\\FET_USD_1h.csv', 'data\\monthly_ohlcv\\2025-09\\FET_USD_1h.csv', 'data\\monthly_ohlcv\\2025-10\\FET_USD_1h.csv', 'data\\monthly_ohlcv\\2025-11\\FET_USD_1h.csv', 'data\\monthly_ohlcv\\2025-12\\FET_USD_1h.csv', 'data\\monthly_ohlcv\\2026-01\\FET_USD_1h.csv', 'data\\monthly_ohlcv\\2026-02\\FET_USD_1h.csv', 'data\\monthly_ohlcv\\2026-03\\FET_USD_1h.csv']"
FIL/USD,ok,FILUSDT,1h,19407,2024-01-01 00:00:00+00:00,2026-03-19 14:00:00+00:00,"['data\\monthly_ohlcv\\2024-01\\FIL_USD_1h.csv', 'data\\monthly_ohlcv\\2024-02\\FIL_USD_1h.csv', 'data\\monthly_ohlcv\\2024-03\\FIL_USD_1h.csv', 'data\\monthly_ohlcv\\2024-04\\FIL_USD_1h.csv', 'data\\monthly_ohlcv\\2024-05\\FIL_USD_1h.csv', 'data\\monthly_ohlcv\\2024-06\\FIL_USD_1h.csv', 'data\\monthly_ohlcv\\2024-07\\FIL_USD_1h.csv', 'data\\monthly_ohlcv\\2024-08\\FIL_USD_1h.csv', 'data\\monthly_ohlcv\\2024-09\\FIL_USD_1h.csv', 'data\\monthly_ohlcv\\2024-10\\FIL_USD_1h.csv', 'data\\monthly_ohlcv\\2024-11\\FIL_USD_1h.csv', 'data\\monthly_ohlcv\\2024-12\\FIL_USD_1h.csv', 'data\\monthly_ohlcv\\2025-01\\FIL_USD_1h.csv', 'data\\monthly_ohlcv\\2025-02\\FIL_USD_1h.csv', 'data\\monthly_ohlcv\\2025-03\\FIL_USD_1h.csv', 'data\\monthly_ohlcv\\2025-04\\FIL_USD_1h.csv', 'data\\monthly_ohlcv\\2025-05\\FIL_USD_1h.csv', 'data\\monthly_ohlcv\\2025-06\\FIL_USD_1h.csv', 'data\\monthly_ohlcv\\2025-07\\FIL_USD_1h.csv', 'data\\monthly_ohlcv\\2025-08\\FIL_USD_1h.csv', 'data\\monthly_ohlcv\\2025-09\\FIL_USD_1h.csv', 'data\\monthly_ohlcv\\2025-10\\FIL_USD_1h.csv', 'data\\monthly_ohlcv\\2025-11\\FIL_USD_1h.csv', 'data\\monthly_ohlcv\\2025-12\\FIL_USD_1h.csv', 'data\\monthly_ohlcv\\2026-01\\FIL_USD_1h.csv', 'data\\monthly_ohlcv\\2026-02\\FIL_USD_1h.csv', 'data\\monthly_ohlcv\\2026-03\\FIL_USD_1h.csv']"
FLOKI/USD,ok,FLOKIUSDT,1h,19407,2024-01-01 00:00:00+00:00,2026-03-19 14:00:00+00:00,"['data\\monthly_ohlcv\\2024-01\\FLOKI_USD_1h.csv', 'data\\monthly_ohlcv\\2024-02\\FLOKI_USD_1h.csv', 'data\\monthly_ohlcv\\2024-03\\FLOKI_USD_1h.csv', 'data\\monthly_ohlcv\\2024-04\\FLOKI_USD_1h.csv', 'data\\monthly_ohlcv\\2024-05\\FLOKI_USD_1h.csv', 'data\\monthly_ohlcv\\2024-06\\FLOKI_USD_1h.csv', 'data\\monthly_ohlcv\\2024-07\\FLOKI_USD_1h.csv', 'data\\monthly_ohlcv\\2024-08\\FLOKI_USD_1h.csv', 'data\\monthly_ohlcv\\2024-09\\FLOKI_USD_1h.csv', 'data\\monthly_ohlcv\\2024-10\\FLOKI_USD_1h.csv', 'data\\monthly_ohlcv\\2024-11\\FLOKI_USD_1h.csv', 'data\\monthly_ohlcv\\2024-12\\FLOKI_USD_1h.csv', 'data\\monthly_ohlcv\\2025-01\\FLOKI_USD_1h.csv', 'data\\monthly_ohlcv\\2025-02\\FLOKI_USD_1h.csv', 'data\\monthly_ohlcv\\2025-03\\FLOKI_USD_1h.csv', 'data\\monthly_ohlcv\\2025-04\\FLOKI_USD_1h.csv', 'data\\monthly_ohlcv\\2025-05\\FLOKI_USD_1h.csv', 'data\\monthly_ohlcv\\2025-06\\FLOKI_USD_1h.csv', 'data\\monthly_ohlcv\\2025-07\\FLOKI_USD_1h.csv', 'data\\monthly_ohlcv\\2025-08\\FLOKI_USD_1h.csv', 'data\\monthly_ohlcv\\2025-09\\FLOKI_USD_1h.csv', 'data\\monthly_ohlcv\\2025-10\\FLOKI_USD_1h.csv', 'data\\monthly_ohlcv\\2025-11\\FLOKI_USD_1h.csv', 'data\\monthly_ohlcv\\2025-12\\FLOKI_USD_1h.csv', 'data\\monthly_ohlcv\\2026-01\\FLOKI_USD_1h.csv', 'data\\monthly_ohlcv\\2026-02\\FLOKI_USD_1h.csv', 'data\\monthly_ohlcv\\2026-03\\FLOKI_USD_1h.csv']"
FORM/USD,ok,FORMUSDT,1h,8767,2025-03-19 08:00:00+00:00,2026-03-19 14:00:00+00:00,"['data\\monthly_ohlcv\\2025-03\\FORM_USD_1h.csv', 'data\\monthly_ohlcv\\2025-04\\FORM_USD_1h.csv', 'data\\monthly_ohlcv\\2025-05\\FORM_USD_1h.csv', 'data\\monthly_ohlcv\\2025-06\\FORM_USD_1h.csv', 'data\\monthly_ohlcv\\2025-07\\FORM_USD_1h.csv', 'data\\monthly_ohlcv\\2025-08\\FORM_USD_1h.csv', 'data\\monthly_ohlcv\\2025-09\\FORM_USD_1h.csv', 'data\\monthly_ohlcv\\2025-10\\FORM_USD_1h.csv', 'data\\monthly_ohlcv\\2025-11\\FORM_USD_1h.csv', 'data\\monthly_ohlcv\\2025-12\\FORM_USD_1h.csv', 'data\\monthly_ohlcv\\2026-01\\FORM_USD_1h.csv', 'data\\monthly_ohlcv\\2026-02\\FORM_USD_1h.csv', 'data\\monthly_ohlcv\\2026-03\\FORM_USD_1h.csv']"
HBAR/USD,ok,HBARUSDT,1h,19407,2024-01-01 00:00:00+00:00,2026-03-19 14:00:00+00:00,"['data\\monthly_ohlcv\\2024-01\\HBAR_USD_1h.csv', 'data\\monthly_ohlcv\\2024-02\\HBAR_USD_1h.csv', 'data\\monthly_ohlcv\\2024-03\\HBAR_USD_1h.csv', 'data\\monthly_ohlcv\\2024-04\\HBAR_USD_1h.csv', 'data\\monthly_ohlcv\\2024-05\\HBAR_USD_1h.csv', 'data\\monthly_ohlcv\\2024-06\\HBAR_USD_1h.csv', 'data\\monthly_ohlcv\\2024-07\\HBAR_USD_1h.csv', 'data\\monthly_ohlcv\\2024-08\\HBAR_USD_1h.csv', 'data\\monthly_ohlcv\\2024-09\\HBAR_USD_1h.csv', 'data\\monthly_ohlcv\\2024-10\\HBAR_USD_1h.csv', 'data\\monthly_ohlcv\\2024-11\\HBAR_USD_1h.csv', 'data\\monthly_ohlcv\\2024-12\\HBAR_USD_1h.csv', 'data\\monthly_ohlcv\\2025-01\\HBAR_USD_1h.csv', 'data\\monthly_ohlcv\\2025-02\\HBAR_USD_1h.csv', 'data\\monthly_ohlcv\\2025-03\\HBAR_USD_1h.csv', 'data\\monthly_ohlcv\\2025-04\\HBAR_USD_1h.csv', 'data\\monthly_ohlcv\\2025-05\\HBAR_USD_1h.csv', 'data\\monthly_ohlcv\\2025-06\\HBAR_USD_1h.csv', 'data\\monthly_ohlcv\\2025-07\\HBAR_USD_1h.csv', 'data\\monthly_ohlcv\\2025-08\\HBAR_USD_1h.csv', 'data\\monthly_ohlcv\\2025-09\\HBAR_USD_1h.csv', 'data\\monthly_ohlcv\\2025-10\\HBAR_USD_1h.csv', 'data\\monthly_ohlcv\\2025-11\\HBAR_USD_1h.csv', 'data\\monthly_ohlcv\\2025-12\\HBAR_USD_1h.csv', 'data\\monthly_ohlcv\\2026-01\\HBAR_USD_1h.csv', 'data\\monthly_ohlcv\\2026-02\\HBAR_USD_1h.csv', 'data\\monthly_ohlcv\\2026-03\\HBAR_USD_1h.csv']"
HEMI/USD,ok,HEMIUSDT,1h,4251,2025-09-23 12:00:00+00:00,2026-03-19 14:00:00+00:00,"['data\\monthly_ohlcv\\2025-09\\HEMI_USD_1h.csv', 'data\\monthly_ohlcv\\2025-10\\HEMI_USD_1h.csv', 'data\\monthly_ohlcv\\2025-11\\HEMI_USD_1h.csv', 'data\\monthly_ohlcv\\2025-12\\HEMI_USD_1h.csv', 'data\\monthly_ohlcv\\2026-01\\HEMI_USD_1h.csv', 'data\\monthly_ohlcv\\2026-02\\HEMI_USD_1h.csv', 'data\\monthly_ohlcv\\2026-03\\HEMI_USD_1h.csv']"
ICP/USD,ok,ICPUSDT,1h,19407,2024-01-01 00:00:00+00:00,2026-03-19 14:00:00+00:00,"['data\\monthly_ohlcv\\2024-01\\ICP_USD_1h.csv', 'data\\monthly_ohlcv\\2024-02\\ICP_USD_1h.csv', 'data\\monthly_ohlcv\\2024-03\\ICP_USD_1h.csv', 'data\\monthly_ohlcv\\2024-04\\ICP_USD_1h.csv', 'data\\monthly_ohlcv\\2024-05\\ICP_USD_1h.csv', 'data\\monthly_ohlcv\\2024-06\\ICP_USD_1h.csv', 'data\\monthly_ohlcv\\2024-07\\ICP_USD_1h.csv', 'data\\monthly_ohlcv\\2024-08\\ICP_USD_1h.csv', 'data\\monthly_ohlcv\\2024-09\\ICP_USD_1h.csv', 'data\\monthly_ohlcv\\2024-10\\ICP_USD_1h.csv', 'data\\monthly_ohlcv\\2024-11\\ICP_USD_1h.csv', 'data\\monthly_ohlcv\\2024-12\\ICP_USD_1h.csv', 'data\\monthly_ohlcv\\2025-01\\ICP_USD_1h.csv', 'data\\monthly_ohlcv\\2025-02\\ICP_USD_1h.csv', 'data\\monthly_ohlcv\\2025-03\\ICP_USD_1h.csv', 'data\\monthly_ohlcv\\2025-04\\ICP_USD_1h.csv', 'data\\monthly_ohlcv\\2025-05\\ICP_USD_1h.csv', 'data\\monthly_ohlcv\\2025-06\\ICP_USD_1h.csv', 'data\\monthly_ohlcv\\2025-07\\ICP_USD_1h.csv', 'data\\monthly_ohlcv\\2025-08\\ICP_USD_1h.csv', 'data\\monthly_ohlcv\\2025-09\\ICP_USD_1h.csv', 'data\\monthly_ohlcv\\2025-10\\ICP_USD_1h.csv', 'data\\monthly_ohlcv\\2025-11\\ICP_USD_1h.csv', 'data\\monthly_ohlcv\\2025-12\\ICP_USD_1h.csv', 'data\\monthly_ohlcv\\2026-01\\ICP_USD_1h.csv', 'data\\monthly_ohlcv\\2026-02\\ICP_USD_1h.csv', 'data\\monthly_ohlcv\\2026-03\\ICP_USD_1h.csv']"
LINEA/USD,ok,LINEAUSDT,1h,4559,2025-09-10 16:00:00+00:00,2026-03-19 14:00:00+00:00,"['data\\monthly_ohlcv\\2025-09\\LINEA_USD_1h.csv', 'data\\monthly_ohlcv\\2025-10\\LINEA_USD_1h.csv', 'data\\monthly_ohlcv\\2025-11\\LINEA_USD_1h.csv', 'data\\monthly_ohlcv\\2025-12\\LINEA_USD_1h.csv', 'data\\monthly_ohlcv\\2026-01\\LINEA_USD_1h.csv', 'data\\monthly_ohlcv\\2026-02\\LINEA_USD_1h.csv', 'data\\monthly_ohlcv\\2026-03\\LINEA_USD_1h.csv']"
LINK/USD,ok,LINKUSDT,1h,19407,2024-01-01 00:00:00+00:00,2026-03-19 14:00:00+00:00,"['data\\monthly_ohlcv\\2024-01\\LINK_USD_1h.csv', 'data\\monthly_ohlcv\\2024-02\\LINK_USD_1h.csv', 'data\\monthly_ohlcv\\2024-03\\LINK_USD_1h.csv', 'data\\monthly_ohlcv\\2024-04\\LINK_USD_1h.csv', 'data\\monthly_ohlcv\\2024-05\\LINK_USD_1h.csv', 'data\\monthly_ohlcv\\2024-06\\LINK_USD_1h.csv', 'data\\monthly_ohlcv\\2024-07\\LINK_USD_1h.csv', 'data\\monthly_ohlcv\\2024-08\\LINK_USD_1h.csv', 'data\\monthly_ohlcv\\2024-09\\LINK_USD_1h.csv', 'data\\monthly_ohlcv\\2024-10\\LINK_USD_1h.csv', 'data\\monthly_ohlcv\\2024-11\\LINK_USD_1h.csv', 'data\\monthly_ohlcv\\2024-12\\LINK_USD_1h.csv', 'data\\monthly_ohlcv\\2025-01\\LINK_USD_1h.csv', 'data\\monthly_ohlcv\\2025-02\\LINK_USD_1h.csv', 'data\\monthly_ohlcv\\2025-03\\LINK_USD_1h.csv', 'data\\monthly_ohlcv\\2025-04\\LINK_USD_1h.csv', 'data\\monthly_ohlcv\\2025-05\\LINK_USD_1h.csv', 'data\\monthly_ohlcv\\2025-06\\LINK_USD_1h.csv', 'data\\monthly_ohlcv\\2025-07\\LINK_USD_1h.csv', 'data\\monthly_ohlcv\\2025-08\\LINK_USD_1h.csv', 'data\\monthly_ohlcv\\2025-09\\LINK_USD_1h.csv', 'data\\monthly_ohlcv\\2025-10\\LINK_USD_1h.csv', 'data\\monthly_ohlcv\\2025-11\\LINK_USD_1h.csv', 'data\\monthly_ohlcv\\2025-12\\LINK_USD_1h.csv', 'data\\monthly_ohlcv\\2026-01\\LINK_USD_1h.csv', 'data\\monthly_ohlcv\\2026-02\\LINK_USD_1h.csv', 'data\\monthly_ohlcv\\2026-03\\LINK_USD_1h.csv']"
LISTA/USD,ok,LISTAUSDT,1h,15293,2024-06-20 10:00:00+00:00,2026-03-19 14:00:00+00:00,"['data\\monthly_ohlcv\\2024-06\\LISTA_USD_1h.csv', 'data\\monthly_ohlcv\\2024-07\\LISTA_USD_1h.csv', 'data\\monthly_ohlcv\\2024-08\\LISTA_USD_1h.csv', 'data\\monthly_ohlcv\\2024-09\\LISTA_USD_1h.csv', 'data\\monthly_ohlcv\\2024-10\\LISTA_USD_1h.csv', 'data\\monthly_ohlcv\\2024-11\\LISTA_USD_1h.csv', 'data\\monthly_ohlcv\\2024-12\\LISTA_USD_1h.csv', 'data\\monthly_ohlcv\\2025-01\\LISTA_USD_1h.csv', 'data\\monthly_ohlcv\\2025-02\\LISTA_USD_1h.csv', 'data\\monthly_ohlcv\\2025-03\\LISTA_USD_1h.csv', 'data\\monthly_ohlcv\\2025-04\\LISTA_USD_1h.csv', 'data\\monthly_ohlcv\\2025-05\\LISTA_USD_1h.csv', 'data\\monthly_ohlcv\\2025-06\\LISTA_USD_1h.csv', 'data\\monthly_ohlcv\\2025-07\\LISTA_USD_1h.csv', 'data\\monthly_ohlcv\\2025-08\\LISTA_USD_1h.csv', 'data\\monthly_ohlcv\\2025-09\\LISTA_USD_1h.csv', 'data\\monthly_ohlcv\\2025-10\\LISTA_USD_1h.csv', 'data\\monthly_ohlcv\\2025-11\\LISTA_USD_1h.csv', 'data\\monthly_ohlcv\\2025-12\\LISTA_USD_1h.csv', 'data\\monthly_ohlcv\\2026-01\\LISTA_USD_1h.csv', 'data\\monthly_ohlcv\\2026-02\\LISTA_USD_1h.csv', 'data\\monthly_ohlcv\\2026-03\\LISTA_USD_1h.csv']"
LTC/USD,ok,LTCUSDT,1h,19407,2024-01-01 00:00:00+00:00,2026-03-19 14:00:00+00:00,"['data\\monthly_ohlcv\\2024-01\\LTC_USD_1h.csv', 'data\\monthly_ohlcv\\2024-02\\LTC_USD_1h.csv', 'data\\monthly_ohlcv\\2024-03\\LTC_USD_1h.csv', 'data\\monthly_ohlcv\\2024-04\\LTC_USD_1h.csv', 'data\\monthly_ohlcv\\2024-05\\LTC_USD_1h.csv', 'data\\monthly_ohlcv\\2024-06\\LTC_USD_1h.csv', 'data\\monthly_ohlcv\\2024-07\\LTC_USD_1h.csv', 'data\\monthly_ohlcv\\2024-08\\LTC_USD_1h.csv', 'data\\monthly_ohlcv\\2024-09\\LTC_USD_1h.csv', 'data\\monthly_ohlcv\\2024-10\\LTC_USD_1h.csv', 'data\\monthly_ohlcv\\2024-11\\LTC_USD_1h.csv', 'data\\monthly_ohlcv\\2024-12\\LTC_USD_1h.csv', 'data\\monthly_ohlcv\\2025-01\\LTC_USD_1h.csv', 'data\\monthly_ohlcv\\2025-02\\LTC_USD_1h.csv', 'data\\monthly_ohlcv\\2025-03\\LTC_USD_1h.csv', 'data\\monthly_ohlcv\\2025-04\\LTC_USD_1h.csv', 'data\\monthly_ohlcv\\2025-05\\LTC_USD_1h.csv', 'data\\monthly_ohlcv\\2025-06\\LTC_USD_1h.csv', 'data\\monthly_ohlcv\\2025-07\\LTC_USD_1h.csv', 'data\\monthly_ohlcv\\2025-08\\LTC_USD_1h.csv', 'data\\monthly_ohlcv\\2025-09\\LTC_USD_1h.csv', 'data\\monthly_ohlcv\\2025-10\\LTC_USD_1h.csv', 'data\\monthly_ohlcv\\2025-11\\LTC_USD_1h.csv', 'data\\monthly_ohlcv\\2025-12\\LTC_USD_1h.csv', 'data\\monthly_ohlcv\\2026-01\\LTC_USD_1h.csv', 'data\\monthly_ohlcv\\2026-02\\LTC_USD_1h.csv', 'data\\monthly_ohlcv\\2026-03\\LTC_USD_1h.csv']"
MIRA/USD,ok,MIRAUSDT,1h,4179,2025-09-26 12:00:00+00:00,2026-03-19 14:00:00+00:00,"['data\\monthly_ohlcv\\2025-09\\MIRA_USD_1h.csv', 'data\\monthly_ohlcv\\2025-10\\MIRA_USD_1h.csv', 'data\\monthly_ohlcv\\2025-11\\MIRA_USD_1h.csv', 'data\\monthly_ohlcv\\2025-12\\MIRA_USD_1h.csv', 'data\\monthly_ohlcv\\2026-01\\MIRA_USD_1h.csv', 'data\\monthly_ohlcv\\2026-02\\MIRA_USD_1h.csv', 'data\\monthly_ohlcv\\2026-03\\MIRA_USD_1h.csv']"
NEAR/USD,ok,NEARUSDT,1h,19407,2024-01-01 00:00:00+00:00,2026-03-19 14:00:00+00:00,"['data\\monthly_ohlcv\\2024-01\\NEAR_USD_1h.csv', 'data\\monthly_ohlcv\\2024-02\\NEAR_USD_1h.csv', 'data\\monthly_ohlcv\\2024-03\\NEAR_USD_1h.csv', 'data\\monthly_ohlcv\\2024-04\\NEAR_USD_1h.csv', 'data\\monthly_ohlcv\\2024-05\\NEAR_USD_1h.csv', 'data\\monthly_ohlcv\\2024-06\\NEAR_USD_1h.csv', 'data\\monthly_ohlcv\\2024-07\\NEAR_USD_1h.csv', 'data\\monthly_ohlcv\\2024-08\\NEAR_USD_1h.csv', 'data\\monthly_ohlcv\\2024-09\\NEAR_USD_1h.csv', 'data\\monthly_ohlcv\\2024-10\\NEAR_USD_1h.csv', 'data\\monthly_ohlcv\\2024-11\\NEAR_USD_1h.csv', 'data\\monthly_ohlcv\\2024-12\\NEAR_USD_1h.csv', 'data\\monthly_ohlcv\\2025-01\\NEAR_USD_1h.csv', 'data\\monthly_ohlcv\\2025-02\\NEAR_USD_1h.csv', 'data\\monthly_ohlcv\\2025-03\\NEAR_USD_1h.csv', 'data\\monthly_ohlcv\\2025-04\\NEAR_USD_1h.csv', 'data\\monthly_ohlcv\\2025-05\\NEAR_USD_1h.csv', 'data\\monthly_ohlcv\\2025-06\\NEAR_USD_1h.csv', 'data\\monthly_ohlcv\\2025-07\\NEAR_USD_1h.csv', 'data\\monthly_ohlcv\\2025-08\\NEAR_USD_1h.csv', 'data\\monthly_ohlcv\\2025-09\\NEAR_USD_1h.csv', 'data\\monthly_ohlcv\\2025-10\\NEAR_USD_1h.csv', 'data\\monthly_ohlcv\\2025-11\\NEAR_USD_1h.csv', 'data\\monthly_ohlcv\\2025-12\\NEAR_USD_1h.csv', 'data\\monthly_ohlcv\\2026-01\\NEAR_USD_1h.csv', 'data\\monthly_ohlcv\\2026-02\\NEAR_USD_1h.csv', 'data\\monthly_ohlcv\\2026-03\\NEAR_USD_1h.csv']"
OMNI/USD,ok,OMNIUSDT,1h,12711,2024-04-17 12:00:00+00:00,2025-09-29 02:00:00+00:00,"['data\\monthly_ohlcv\\2024-04\\OMNI_USD_1h.csv', 'data\\monthly_ohlcv\\2024-05\\OMNI_USD_1h.csv', 'data\\monthly_ohlcv\\2024-06\\OMNI_USD_1h.csv', 'data\\monthly_ohlcv\\2024-07\\OMNI_USD_1h.csv', 'data\\monthly_ohlcv\\2024-08\\OMNI_USD_1h.csv', 'data\\monthly_ohlcv\\2024-09\\OMNI_USD_1h.csv', 'data\\monthly_ohlcv\\2024-10\\OMNI_USD_1h.csv', 'data\\monthly_ohlcv\\2024-11\\OMNI_USD_1h.csv', 'data\\monthly_ohlcv\\2024-12\\OMNI_USD_1h.csv', 'data\\monthly_ohlcv\\2025-01\\OMNI_USD_1h.csv', 'data\\monthly_ohlcv\\2025-02\\OMNI_USD_1h.csv', 'data\\monthly_ohlcv\\2025-03\\OMNI_USD_1h.csv', 'data\\monthly_ohlcv\\2025-04\\OMNI_USD_1h.csv', 'data\\monthly_ohlcv\\2025-05\\OMNI_USD_1h.csv', 'data\\monthly_ohlcv\\2025-06\\OMNI_USD_1h.csv', 'data\\monthly_ohlcv\\2025-07\\OMNI_USD_1h.csv', 'data\\monthly_ohlcv\\2025-08\\OMNI_USD_1h.csv', 'data\\monthly_ohlcv\\2025-09\\OMNI_USD_1h.csv']"
ONDO/USD,ok,ONDOUSDT,1h,8209,2025-04-11 14:00:00+00:00,2026-03-19 14:00:00+00:00,"['data\\monthly_ohlcv\\2025-04\\ONDO_USD_1h.csv', 'data\\monthly_ohlcv\\2025-05\\ONDO_USD_1h.csv', 'data\\monthly_ohlcv\\2025-06\\ONDO_USD_1h.csv', 'data\\monthly_ohlcv\\2025-07\\ONDO_USD_1h.csv', 'data\\monthly_ohlcv\\2025-08\\ONDO_USD_1h.csv', 'data\\monthly_ohlcv\\2025-09\\ONDO_USD_1h.csv', 'data\\monthly_ohlcv\\2025-10\\ONDO_USD_1h.csv', 'data\\monthly_ohlcv\\2025-11\\ONDO_USD_1h.csv', 'data\\monthly_ohlcv\\2025-12\\ONDO_USD_1h.csv', 'data\\monthly_ohlcv\\2026-01\\ONDO_USD_1h.csv', 'data\\monthly_ohlcv\\2026-02\\ONDO_USD_1h.csv', 'data\\monthly_ohlcv\\2026-03\\ONDO_USD_1h.csv']"
OPEN/USD,ok,OPENUSDT,1h,4610,2025-09-08 13:00:00+00:00,2026-03-19 14:00:00+00:00,"['data\\monthly_ohlcv\\2025-09\\OPEN_USD_1h.csv', 'data\\monthly_ohlcv\\2025-10\\OPEN_USD_1h.csv', 'data\\monthly_ohlcv\\2025-11\\OPEN_USD_1h.csv', 'data\\monthly_ohlcv\\2025-12\\OPEN_USD_1h.csv', 'data\\monthly_ohlcv\\2026-01\\OPEN_USD_1h.csv', 'data\\monthly_ohlcv\\2026-02\\OPEN_USD_1h.csv', 'data\\monthly_ohlcv\\2026-03\\OPEN_USD_1h.csv']"
PAXG/USD,ok,PAXGUSDT,1h,19407,2024-01-01 00:00:00+00:00,2026-03-19 14:00:00+00:00,"['data\\monthly_ohlcv\\2024-01\\PAXG_USD_1h.csv', 'data\\monthly_ohlcv\\2024-02\\PAXG_USD_1h.csv', 'data\\monthly_ohlcv\\2024-03\\PAXG_USD_1h.csv', 'data\\monthly_ohlcv\\2024-04\\PAXG_USD_1h.csv', 'data\\monthly_ohlcv\\2024-05\\PAXG_USD_1h.csv', 'data\\monthly_ohlcv\\2024-06\\PAXG_USD_1h.csv', 'data\\monthly_ohlcv\\2024-07\\PAXG_USD_1h.csv', 'data\\monthly_ohlcv\\2024-08\\PAXG_USD_1h.csv', 'data\\monthly_ohlcv\\2024-09\\PAXG_USD_1h.csv', 'data\\monthly_ohlcv\\2024-10\\PAXG_USD_1h.csv', 'data\\monthly_ohlcv\\2024-11\\PAXG_USD_1h.csv', 'data\\monthly_ohlcv\\2024-12\\PAXG_USD_1h.csv', 'data\\monthly_ohlcv\\2025-01\\PAXG_USD_1h.csv', 'data\\monthly_ohlcv\\2025-02\\PAXG_USD_1h.csv', 'data\\monthly_ohlcv\\2025-03\\PAXG_USD_1h.csv', 'data\\monthly_ohlcv\\2025-04\\PAXG_USD_1h.csv', 'data\\monthly_ohlcv\\2025-05\\PAXG_USD_1h.csv', 'data\\monthly_ohlcv\\2025-06\\PAXG_USD_1h.csv', 'data\\monthly_ohlcv\\2025-07\\PAXG_USD_1h.csv', 'data\\monthly_ohlcv\\2025-08\\PAXG_USD_1h.csv', 'data\\monthly_ohlcv\\2025-09\\PAXG_USD_1h.csv', 'data\\monthly_ohlcv\\2025-10\\PAXG_USD_1h.csv', 'data\\monthly_ohlcv\\2025-11\\PAXG_USD_1h.csv', 'data\\monthly_ohlcv\\2025-12\\PAXG_USD_1h.csv', 'data\\monthly_ohlcv\\2026-01\\PAXG_USD_1h.csv', 'data\\monthly_ohlcv\\2026-02\\PAXG_USD_1h.csv', 'data\\monthly_ohlcv\\2026-03\\PAXG_USD_1h.csv']"
PENDLE/USD,ok,PENDLEUSDT,1h,19407,2024-01-01 00:00:00+00:00,2026-03-19 14:00:00+00:00,"['data\\monthly_ohlcv\\2024-01\\PENDLE_USD_1h.csv', 'data\\monthly_ohlcv\\2024-02\\PENDLE_USD_1h.csv', 'data\\monthly_ohlcv\\2024-03\\PENDLE_USD_1h.csv', 'data\\monthly_ohlcv\\2024-04\\PENDLE_USD_1h.csv', 'data\\monthly_ohlcv\\2024-05\\PENDLE_USD_1h.csv', 'data\\monthly_ohlcv\\2024-06\\PENDLE_USD_1h.csv', 'data\\monthly_ohlcv\\2024-07\\PENDLE_USD_1h.csv', 'data\\monthly_ohlcv\\2024-08\\PENDLE_USD_1h.csv', 'data\\monthly_ohlcv\\2024-09\\PENDLE_USD_1h.csv', 'data\\monthly_ohlcv\\2024-10\\PENDLE_USD_1h.csv', 'data\\monthly_ohlcv\\2024-11\\PENDLE_USD_1h.csv', 'data\\monthly_ohlcv\\2024-12\\PENDLE_USD_1h.csv', 'data\\monthly_ohlcv\\2025-01\\PENDLE_USD_1h.csv', 'data\\monthly_ohlcv\\2025-02\\PENDLE_USD_1h.csv', 'data\\monthly_ohlcv\\2025-03\\PENDLE_USD_1h.csv', 'data\\monthly_ohlcv\\2025-04\\PENDLE_USD_1h.csv', 'data\\monthly_ohlcv\\2025-05\\PENDLE_USD_1h.csv', 'data\\monthly_ohlcv\\2025-06\\PENDLE_USD_1h.csv', 'data\\monthly_ohlcv\\2025-07\\PENDLE_USD_1h.csv', 'data\\monthly_ohlcv\\2025-08\\PENDLE_USD_1h.csv', 'data\\monthly_ohlcv\\2025-09\\PENDLE_USD_1h.csv', 'data\\monthly_ohlcv\\2025-10\\PENDLE_USD_1h.csv', 'data\\monthly_ohlcv\\2025-11\\PENDLE_USD_1h.csv', 'data\\monthly_ohlcv\\2025-12\\PENDLE_USD_1h.csv', 'data\\monthly_ohlcv\\2026-01\\PENDLE_USD_1h.csv', 'data\\monthly_ohlcv\\2026-02\\PENDLE_USD_1h.csv', 'data\\monthly_ohlcv\\2026-03\\PENDLE_USD_1h.csv']"
PENGU/USD,ok,PENGUUSDT,1h,10969,2024-12-17 14:00:00+00:00,2026-03-19 14:00:00+00:00,"['data\\monthly_ohlcv\\2024-12\\PENGU_USD_1h.csv', 'data\\monthly_ohlcv\\2025-01\\PENGU_USD_1h.csv', 'data\\monthly_ohlcv\\2025-02\\PENGU_USD_1h.csv', 'data\\monthly_ohlcv\\2025-03\\PENGU_USD_1h.csv', 'data\\monthly_ohlcv\\2025-04\\PENGU_USD_1h.csv', 'data\\monthly_ohlcv\\2025-05\\PENGU_USD_1h.csv', 'data\\monthly_ohlcv\\2025-06\\PENGU_USD_1h.csv', 'data\\monthly_ohlcv\\2025-07\\PENGU_USD_1h.csv', 'data\\monthly_ohlcv\\2025-08\\PENGU_USD_1h.csv', 'data\\monthly_ohlcv\\2025-09\\PENGU_USD_1h.csv', 'data\\monthly_ohlcv\\2025-10\\PENGU_USD_1h.csv', 'data\\monthly_ohlcv\\2025-11\\PENGU_USD_1h.csv', 'data\\monthly_ohlcv\\2025-12\\PENGU_USD_1h.csv', 'data\\monthly_ohlcv\\2026-01\\PENGU_USD_1h.csv', 'data\\monthly_ohlcv\\2026-02\\PENGU_USD_1h.csv', 'data\\monthly_ohlcv\\2026-03\\PENGU_USD_1h.csv']"
PEPE/USD,ok,PEPEUSDT,1h,19407,2024-01-01 00:00:00+00:00,2026-03-19 14:00:00+00:00,"['data\\monthly_ohlcv\\2024-01\\PEPE_USD_1h.csv', 'data\\monthly_ohlcv\\2024-02\\PEPE_USD_1h.csv', 'data\\monthly_ohlcv\\2024-03\\PEPE_USD_1h.csv', 'data\\monthly_ohlcv\\2024-04\\PEPE_USD_1h.csv', 'data\\monthly_ohlcv\\2024-05\\PEPE_USD_1h.csv', 'data\\monthly_ohlcv\\2024-06\\PEPE_USD_1h.csv', 'data\\monthly_ohlcv\\2024-07\\PEPE_USD_1h.csv', 'data\\monthly_ohlcv\\2024-08\\PEPE_USD_1h.csv', 'data\\monthly_ohlcv\\2024-09\\PEPE_USD_1h.csv', 'data\\monthly_ohlcv\\2024-10\\PEPE_USD_1h.csv', 'data\\monthly_ohlcv\\2024-11\\PEPE_USD_1h.csv', 'data\\monthly_ohlcv\\2024-12\\PEPE_USD_1h.csv', 'data\\monthly_ohlcv\\2025-01\\PEPE_USD_1h.csv', 'data\\monthly_ohlcv\\2025-02\\PEPE_USD_1h.csv', 'data\\monthly_ohlcv\\2025-03\\PEPE_USD_1h.csv', 'data\\monthly_ohlcv\\2025-04\\PEPE_USD_1h.csv', 'data\\monthly_ohlcv\\2025-05\\PEPE_USD_1h.csv', 'data\\monthly_ohlcv\\2025-06\\PEPE_USD_1h.csv', 'data\\monthly_ohlcv\\2025-07\\PEPE_USD_1h.csv', 'data\\monthly_ohlcv\\2025-08\\PEPE_USD_1h.csv', 'data\\monthly_ohlcv\\2025-09\\PEPE_USD_1h.csv', 'data\\monthly_ohlcv\\2025-10\\PEPE_USD_1h.csv', 'data\\monthly_ohlcv\\2025-11\\PEPE_USD_1h.csv', 'data\\monthly_ohlcv\\2025-12\\PEPE_USD_1h.csv', 'data\\monthly_ohlcv\\2026-01\\PEPE_USD_1h.csv', 'data\\monthly_ohlcv\\2026-02\\PEPE_USD_1h.csv', 'data\\monthly_ohlcv\\2026-03\\PEPE_USD_1h.csv']"
PLUME/USD,ok,PLUMEUSDT,1h,5112,2025-08-18 15:00:00+00:00,2026-03-19 14:00:00+00:00,"['data\\monthly_ohlcv\\2025-08\\PLUME_USD_1h.csv', 'data\\monthly_ohlcv\\2025-09\\PLUME_USD_1h.csv', 'data\\monthly_ohlcv\\2025-10\\PLUME_USD_1h.csv', 'data\\monthly_ohlcv\\2025-11\\PLUME_USD_1h.csv', 'data\\monthly_ohlcv\\2025-12\\PLUME_USD_1h.csv', 'data\\monthly_ohlcv\\2026-01\\PLUME_USD_1h.csv', 'data\\monthly_ohlcv\\2026-02\\PLUME_USD_1h.csv', 'data\\monthly_ohlcv\\2026-03\\PLUME_USD_1h.csv']"
POL/USD,ok,POLUSDT,1h,13253,2024-09-13 10:00:00+00:00,2026-03-19 14:00:00+00:00,"['data\\monthly_ohlcv\\2024-09\\POL_USD_1h.csv', 'data\\monthly_ohlcv\\2024-10\\POL_USD_1h.csv', 'data\\monthly_ohlcv\\2024-11\\POL_USD_1h.csv', 'data\\monthly_ohlcv\\2024-12\\POL_USD_1h.csv', 'data\\monthly_ohlcv\\2025-01\\POL_USD_1h.csv', 'data\\monthly_ohlcv\\2025-02\\POL_USD_1h.csv', 'data\\monthly_ohlcv\\2025-03\\POL_USD_1h.csv', 'data\\monthly_ohlcv\\2025-04\\POL_USD_1h.csv', 'data\\monthly_ohlcv\\2025-05\\POL_USD_1h.csv', 'data\\monthly_ohlcv\\2025-06\\POL_USD_1h.csv', 'data\\monthly_ohlcv\\2025-07\\POL_USD_1h.csv', 'data\\monthly_ohlcv\\2025-08\\POL_USD_1h.csv', 'data\\monthly_ohlcv\\2025-09\\POL_USD_1h.csv', 'data\\monthly_ohlcv\\2025-10\\POL_USD_1h.csv', 'data\\monthly_ohlcv\\2025-11\\POL_USD_1h.csv', 'data\\monthly_ohlcv\\2025-12\\POL_USD_1h.csv', 'data\\monthly_ohlcv\\2026-01\\POL_USD_1h.csv', 'data\\monthly_ohlcv\\2026-02\\POL_USD_1h.csv', 'data\\monthly_ohlcv\\2026-03\\POL_USD_1h.csv']"
PUMP/USD,ok,PUMPUSDT,1h,4539,2025-09-11 12:00:00+00:00,2026-03-19 14:00:00+00:00,"['data\\monthly_ohlcv\\2025-09\\PUMP_USD_1h.csv', 'data\\monthly_ohlcv\\2025-10\\PUMP_USD_1h.csv', 'data\\monthly_ohlcv\\2025-11\\PUMP_USD_1h.csv', 'data\\monthly_ohlcv\\2025-12\\PUMP_USD_1h.csv', 'data\\monthly_ohlcv\\2026-01\\PUMP_USD_1h.csv', 'data\\monthly_ohlcv\\2026-02\\PUMP_USD_1h.csv', 'data\\monthly_ohlcv\\2026-03\\PUMP_USD_1h.csv']"
S/USD,ok,SUSDT,1h,10255,2025-01-16 08:00:00+00:00,2026-03-19 14:00:00+00:00,"['data\\monthly_ohlcv\\2025-01\\S_USD_1h.csv', 'data\\monthly_ohlcv\\2025-02\\S_USD_1h.csv', 'data\\monthly_ohlcv\\2025-03\\S_USD_1h.csv', 'data\\monthly_ohlcv\\2025-04\\S_USD_1h.csv', 'data\\monthly_ohlcv\\2025-05\\S_USD_1h.csv', 'data\\monthly_ohlcv\\2025-06\\S_USD_1h.csv', 'data\\monthly_ohlcv\\2025-07\\S_USD_1h.csv', 'data\\monthly_ohlcv\\2025-08\\S_USD_1h.csv', 'data\\monthly_ohlcv\\2025-09\\S_USD_1h.csv', 'data\\monthly_ohlcv\\2025-10\\S_USD_1h.csv', 'data\\monthly_ohlcv\\2025-11\\S_USD_1h.csv', 'data\\monthly_ohlcv\\2025-12\\S_USD_1h.csv', 'data\\monthly_ohlcv\\2026-01\\S_USD_1h.csv', 'data\\monthly_ohlcv\\2026-02\\S_USD_1h.csv', 'data\\monthly_ohlcv\\2026-03\\S_USD_1h.csv']"
SEI/USD,ok,SEIUSDT,1h,19407,2024-01-01 00:00:00+00:00,2026-03-19 14:00:00+00:00,"['data\\monthly_ohlcv\\2024-01\\SEI_USD_1h.csv', 'data\\monthly_ohlcv\\2024-02\\SEI_USD_1h.csv', 'data\\monthly_ohlcv\\2024-03\\SEI_USD_1h.csv', 'data\\monthly_ohlcv\\2024-04\\SEI_USD_1h.csv', 'data\\monthly_ohlcv\\2024-05\\SEI_USD_1h.csv', 'data\\monthly_ohlcv\\2024-06\\SEI_USD_1h.csv', 'data\\monthly_ohlcv\\2024-07\\SEI_USD_1h.csv', 'data\\monthly_ohlcv\\2024-08\\SEI_USD_1h.csv', 'data\\monthly_ohlcv\\2024-09\\SEI_USD_1h.csv', 'data\\monthly_ohlcv\\2024-10\\SEI_USD_1h.csv', 'data\\monthly_ohlcv\\2024-11\\SEI_USD_1h.csv', 'data\\monthly_ohlcv\\2024-12\\SEI_USD_1h.csv', 'data\\monthly_ohlcv\\2025-01\\SEI_USD_1h.csv', 'data\\monthly_ohlcv\\2025-02\\SEI_USD_1h.csv', 'data\\monthly_ohlcv\\2025-03\\SEI_USD_1h.csv', 'data\\monthly_ohlcv\\2025-04\\SEI_USD_1h.csv', 'data\\monthly_ohlcv\\2025-05\\SEI_USD_1h.csv', 'data\\monthly_ohlcv\\2025-06\\SEI_USD_1h.csv', 'data\\monthly_ohlcv\\2025-07\\SEI_USD_1h.csv', 'data\\monthly_ohlcv\\2025-08\\SEI_USD_1h.csv', 'data\\monthly_ohlcv\\2025-09\\SEI_USD_1h.csv', 'data\\monthly_ohlcv\\2025-10\\SEI_USD_1h.csv', 'data\\monthly_ohlcv\\2025-11\\SEI_USD_1h.csv', 'data\\monthly_ohlcv\\2025-12\\SEI_USD_1h.csv', 'data\\monthly_ohlcv\\2026-01\\SEI_USD_1h.csv', 'data\\monthly_ohlcv\\2026-02\\SEI_USD_1h.csv', 'data\\monthly_ohlcv\\2026-03\\SEI_USD_1h.csv']"
SHIB/USD,ok,SHIBUSDT,1h,19407,2024-01-01 00:00:00+00:00,2026-03-19 14:00:00+00:00,"['data\\monthly_ohlcv\\2024-01\\SHIB_USD_1h.csv', 'data\\monthly_ohlcv\\2024-02\\SHIB_USD_1h.csv', 'data\\monthly_ohlcv\\2024-03\\SHIB_USD_1h.csv', 'data\\monthly_ohlcv\\2024-04\\SHIB_USD_1h.csv', 'data\\monthly_ohlcv\\2024-05\\SHIB_USD_1h.csv', 'data\\monthly_ohlcv\\2024-06\\SHIB_USD_1h.csv', 'data\\monthly_ohlcv\\2024-07\\SHIB_USD_1h.csv', 'data\\monthly_ohlcv\\2024-08\\SHIB_USD_1h.csv', 'data\\monthly_ohlcv\\2024-09\\SHIB_USD_1h.csv', 'data\\monthly_ohlcv\\2024-10\\SHIB_USD_1h.csv', 'data\\monthly_ohlcv\\2024-11\\SHIB_USD_1h.csv', 'data\\monthly_ohlcv\\2024-12\\SHIB_USD_1h.csv', 'data\\monthly_ohlcv\\2025-01\\SHIB_USD_1h.csv', 'data\\monthly_ohlcv\\2025-02\\SHIB_USD_1h.csv', 'data\\monthly_ohlcv\\2025-03\\SHIB_USD_1h.csv', 'data\\monthly_ohlcv\\2025-04\\SHIB_USD_1h.csv', 'data\\monthly_ohlcv\\2025-05\\SHIB_USD_1h.csv', 'data\\monthly_ohlcv\\2025-06\\SHIB_USD_1h.csv', 'data\\monthly_ohlcv\\2025-07\\SHIB_USD_1h.csv', 'data\\monthly_ohlcv\\2025-08\\SHIB_USD_1h.csv', 'data\\monthly_ohlcv\\2025-09\\SHIB_USD_1h.csv', 'data\\monthly_ohlcv\\2025-10\\SHIB_USD_1h.csv', 'data\\monthly_ohlcv\\2025-11\\SHIB_USD_1h.csv', 'data\\monthly_ohlcv\\2025-12\\SHIB_USD_1h.csv', 'data\\monthly_ohlcv\\2026-01\\SHIB_USD_1h.csv', 'data\\monthly_ohlcv\\2026-02\\SHIB_USD_1h.csv', 'data\\monthly_ohlcv\\2026-03\\SHIB_USD_1h.csv']"
SOL/USD,ok,SOLUSDT,1h,19407,2024-01-01 00:00:00+00:00,2026-03-19 14:00:00+00:00,"['data\\monthly_ohlcv\\2024-01\\SOL_USD_1h.csv', 'data\\monthly_ohlcv\\2024-02\\SOL_USD_1h.csv', 'data\\monthly_ohlcv\\2024-03\\SOL_USD_1h.csv', 'data\\monthly_ohlcv\\2024-04\\SOL_USD_1h.csv', 'data\\monthly_ohlcv\\2024-05\\SOL_USD_1h.csv', 'data\\monthly_ohlcv\\2024-06\\SOL_USD_1h.csv', 'data\\monthly_ohlcv\\2024-07\\SOL_USD_1h.csv', 'data\\monthly_ohlcv\\2024-08\\SOL_USD_1h.csv', 'data\\monthly_ohlcv\\2024-09\\SOL_USD_1h.csv', 'data\\monthly_ohlcv\\2024-10\\SOL_USD_1h.csv', 'data\\monthly_ohlcv\\2024-11\\SOL_USD_1h.csv', 'data\\monthly_ohlcv\\2024-12\\SOL_USD_1h.csv', 'data\\monthly_ohlcv\\2025-01\\SOL_USD_1h.csv', 'data\\monthly_ohlcv\\2025-02\\SOL_USD_1h.csv', 'data\\monthly_ohlcv\\2025-03\\SOL_USD_1h.csv', 'data\\monthly_ohlcv\\2025-04\\SOL_USD_1h.csv', 'data\\monthly_ohlcv\\2025-05\\SOL_USD_1h.csv', 'data\\monthly_ohlcv\\2025-06\\SOL_USD_1h.csv', 'data\\monthly_ohlcv\\2025-07\\SOL_USD_1h.csv', 'data\\monthly_ohlcv\\2025-08\\SOL_USD_1h.csv', 'data\\monthly_ohlcv\\2025-09\\SOL_USD_1h.csv', 'data\\monthly_ohlcv\\2025-10\\SOL_USD_1h.csv', 'data\\monthly_ohlcv\\2025-11\\SOL_USD_1h.csv', 'data\\monthly_ohlcv\\2025-12\\SOL_USD_1h.csv', 'data\\monthly_ohlcv\\2026-01\\SOL_USD_1h.csv', 'data\\monthly_ohlcv\\2026-02\\SOL_USD_1h.csv', 'data\\monthly_ohlcv\\2026-03\\SOL_USD_1h.csv']"
SOMI/USD,ok,SOMIUSDT,1h,4753,2025-09-02 14:00:00+00:00,2026-03-19 14:00:00+00:00,"['data\\monthly_ohlcv\\2025-09\\SOMI_USD_1h.csv', 'data\\monthly_ohlcv\\2025-10\\SOMI_USD_1h.csv', 'data\\monthly_ohlcv\\2025-11\\SOMI_USD_1h.csv', 'data\\monthly_ohlcv\\2025-12\\SOMI_USD_1h.csv', 'data\\monthly_ohlcv\\2026-01\\SOMI_USD_1h.csv', 'data\\monthly_ohlcv\\2026-02\\SOMI_USD_1h.csv', 'data\\monthly_ohlcv\\2026-03\\SOMI_USD_1h.csv']"
STO/USD,ok,STOUSDT,1h,7703,2025-05-02 16:00:00+00:00,2026-03-19 14:00:00+00:00,"['data\\monthly_ohlcv\\2025-05\\STO_USD_1h.csv', 'data\\monthly_ohlcv\\2025-06\\STO_USD_1h.csv', 'data\\monthly_ohlcv\\2025-07\\STO_USD_1h.csv', 'data\\monthly_ohlcv\\2025-08\\STO_USD_1h.csv', 'data\\monthly_ohlcv\\2025-09\\STO_USD_1h.csv', 'data\\monthly_ohlcv\\2025-10\\STO_USD_1h.csv', 'data\\monthly_ohlcv\\2025-11\\STO_USD_1h.csv', 'data\\monthly_ohlcv\\2025-12\\STO_USD_1h.csv', 'data\\monthly_ohlcv\\2026-01\\STO_USD_1h.csv', 'data\\monthly_ohlcv\\2026-02\\STO_USD_1h.csv', 'data\\monthly_ohlcv\\2026-03\\STO_USD_1h.csv']"
SUI/USD,ok,SUIUSDT,1h,19407,2024-01-01 00:00:00+00:00,2026-03-19 14:00:00+00:00,"['data\\monthly_ohlcv\\2024-01\\SUI_USD_1h.csv', 'data\\monthly_ohlcv\\2024-02\\SUI_USD_1h.csv', 'data\\monthly_ohlcv\\2024-03\\SUI_USD_1h.csv', 'data\\monthly_ohlcv\\2024-04\\SUI_USD_1h.csv', 'data\\monthly_ohlcv\\2024-05\\SUI_USD_1h.csv', 'data\\monthly_ohlcv\\2024-06\\SUI_USD_1h.csv', 'data\\monthly_ohlcv\\2024-07\\SUI_USD_1h.csv', 'data\\monthly_ohlcv\\2024-08\\SUI_USD_1h.csv', 'data\\monthly_ohlcv\\2024-09\\SUI_USD_1h.csv', 'data\\monthly_ohlcv\\2024-10\\SUI_USD_1h.csv', 'data\\monthly_ohlcv\\2024-11\\SUI_USD_1h.csv', 'data\\monthly_ohlcv\\2024-12\\SUI_USD_1h.csv', 'data\\monthly_ohlcv\\2025-01\\SUI_USD_1h.csv', 'data\\monthly_ohlcv\\2025-02\\SUI_USD_1h.csv', 'data\\monthly_ohlcv\\2025-03\\SUI_USD_1h.csv', 'data\\monthly_ohlcv\\2025-04\\SUI_USD_1h.csv', 'data\\monthly_ohlcv\\2025-05\\SUI_USD_1h.csv', 'data\\monthly_ohlcv\\2025-06\\SUI_USD_1h.csv', 'data\\monthly_ohlcv\\2025-07\\SUI_USD_1h.csv', 'data\\monthly_ohlcv\\2025-08\\SUI_USD_1h.csv', 'data\\monthly_ohlcv\\2025-09\\SUI_USD_1h.csv', 'data\\monthly_ohlcv\\2025-10\\SUI_USD_1h.csv', 'data\\monthly_ohlcv\\2025-11\\SUI_USD_1h.csv', 'data\\monthly_ohlcv\\2025-12\\SUI_USD_1h.csv', 'data\\monthly_ohlcv\\2026-01\\SUI_USD_1h.csv', 'data\\monthly_ohlcv\\2026-02\\SUI_USD_1h.csv', 'data\\monthly_ohlcv\\2026-03\\SUI_USD_1h.csv']"
TAO/USD,ok,TAOUSDT,1h,16971,2024-04-11 12:00:00+00:00,2026-03-19 14:00:00+00:00,"['data\\monthly_ohlcv\\2024-04\\TAO_USD_1h.csv', 'data\\monthly_ohlcv\\2024-05\\TAO_USD_1h.csv', 'data\\monthly_ohlcv\\2024-06\\TAO_USD_1h.csv', 'data\\monthly_ohlcv\\2024-07\\TAO_USD_1h.csv', 'data\\monthly_ohlcv\\2024-08\\TAO_USD_1h.csv', 'data\\monthly_ohlcv\\2024-09\\TAO_USD_1h.csv', 'data\\monthly_ohlcv\\2024-10\\TAO_USD_1h.csv', 'data\\monthly_ohlcv\\2024-11\\TAO_USD_1h.csv', 'data\\monthly_ohlcv\\2024-12\\TAO_USD_1h.csv', 'data\\monthly_ohlcv\\2025-01\\TAO_USD_1h.csv', 'data\\monthly_ohlcv\\2025-02\\TAO_USD_1h.csv', 'data\\monthly_ohlcv\\2025-03\\TAO_USD_1h.csv', 'data\\monthly_ohlcv\\2025-04\\TAO_USD_1h.csv', 'data\\monthly_ohlcv\\2025-05\\TAO_USD_1h.csv', 'data\\monthly_ohlcv\\2025-06\\TAO_USD_1h.csv', 'data\\monthly_ohlcv\\2025-07\\TAO_USD_1h.csv', 'data\\monthly_ohlcv\\2025-08\\TAO_USD_1h.csv', 'data\\monthly_ohlcv\\2025-09\\TAO_USD_1h.csv', 'data\\monthly_ohlcv\\2025-10\\TAO_USD_1h.csv', 'data\\monthly_ohlcv\\2025-11\\TAO_USD_1h.csv', 'data\\monthly_ohlcv\\2025-12\\TAO_USD_1h.csv', 'data\\monthly_ohlcv\\2026-01\\TAO_USD_1h.csv', 'data\\monthly_ohlcv\\2026-02\\TAO_USD_1h.csv', 'data\\monthly_ohlcv\\2026-03\\TAO_USD_1h.csv']"
TON/USD,ok,TONUSDT,1h,14117,2024-08-08 10:00:00+00:00,2026-03-19 14:00:00+00:00,"['data\\monthly_ohlcv\\2024-08\\TON_USD_1h.csv', 'data\\monthly_ohlcv\\2024-09\\TON_USD_1h.csv', 'data\\monthly_ohlcv\\2024-10\\TON_USD_1h.csv', 'data\\monthly_ohlcv\\2024-11\\TON_USD_1h.csv', 'data\\monthly_ohlcv\\2024-12\\TON_USD_1h.csv', 'data\\monthly_ohlcv\\2025-01\\TON_USD_1h.csv', 'data\\monthly_ohlcv\\2025-02\\TON_USD_1h.csv', 'data\\monthly_ohlcv\\2025-03\\TON_USD_1h.csv', 'data\\monthly_ohlcv\\2025-04\\TON_USD_1h.csv', 'data\\monthly_ohlcv\\2025-05\\TON_USD_1h.csv', 'data\\monthly_ohlcv\\2025-06\\TON_USD_1h.csv', 'data\\monthly_ohlcv\\2025-07\\TON_USD_1h.csv', 'data\\monthly_ohlcv\\2025-08\\TON_USD_1h.csv', 'data\\monthly_ohlcv\\2025-09\\TON_USD_1h.csv', 'data\\monthly_ohlcv\\2025-10\\TON_USD_1h.csv', 'data\\monthly_ohlcv\\2025-11\\TON_USD_1h.csv', 'data\\monthly_ohlcv\\2025-12\\TON_USD_1h.csv', 'data\\monthly_ohlcv\\2026-01\\TON_USD_1h.csv', 'data\\monthly_ohlcv\\2026-02\\TON_USD_1h.csv', 'data\\monthly_ohlcv\\2026-03\\TON_USD_1h.csv']"
TRUMP/USD,ok,TRUMPUSDT,1h,10183,2025-01-19 08:00:00+00:00,2026-03-19 14:00:00+00:00,"['data\\monthly_ohlcv\\2025-01\\TRUMP_USD_1h.csv', 'data\\monthly_ohlcv\\2025-02\\TRUMP_USD_1h.csv', 'data\\monthly_ohlcv\\2025-03\\TRUMP_USD_1h.csv', 'data\\monthly_ohlcv\\2025-04\\TRUMP_USD_1h.csv', 'data\\monthly_ohlcv\\2025-05\\TRUMP_USD_1h.csv', 'data\\monthly_ohlcv\\2025-06\\TRUMP_USD_1h.csv', 'data\\monthly_ohlcv\\2025-07\\TRUMP_USD_1h.csv', 'data\\monthly_ohlcv\\2025-08\\TRUMP_USD_1h.csv', 'data\\monthly_ohlcv\\2025-09\\TRUMP_USD_1h.csv', 'data\\monthly_ohlcv\\2025-10\\TRUMP_USD_1h.csv', 'data\\monthly_ohlcv\\2025-11\\TRUMP_USD_1h.csv', 'data\\monthly_ohlcv\\2025-12\\TRUMP_USD_1h.csv', 'data\\monthly_ohlcv\\2026-01\\TRUMP_USD_1h.csv', 'data\\monthly_ohlcv\\2026-02\\TRUMP_USD_1h.csv', 'data\\monthly_ohlcv\\2026-03\\TRUMP_USD_1h.csv']"
TRX/USD,ok,TRXUSDT,1h,19407,2024-01-01 00:00:00+00:00,2026-03-19 14:00:00+00:00,"['data\\monthly_ohlcv\\2024-01\\TRX_USD_1h.csv', 'data\\monthly_ohlcv\\2024-02\\TRX_USD_1h.csv', 'data\\monthly_ohlcv\\2024-03\\TRX_USD_1h.csv', 'data\\monthly_ohlcv\\2024-04\\TRX_USD_1h.csv', 'data\\monthly_ohlcv\\2024-05\\TRX_USD_1h.csv', 'data\\monthly_ohlcv\\2024-06\\TRX_USD_1h.csv', 'data\\monthly_ohlcv\\2024-07\\TRX_USD_1h.csv', 'data\\monthly_ohlcv\\2024-08\\TRX_USD_1h.csv', 'data\\monthly_ohlcv\\2024-09\\TRX_USD_1h.csv', 'data\\monthly_ohlcv\\2024-10\\TRX_USD_1h.csv', 'data\\monthly_ohlcv\\2024-11\\TRX_USD_1h.csv', 'data\\monthly_ohlcv\\2024-12\\TRX_USD_1h.csv', 'data\\monthly_ohlcv\\2025-01\\TRX_USD_1h.csv', 'data\\monthly_ohlcv\\2025-02\\TRX_USD_1h.csv', 'data\\monthly_ohlcv\\2025-03\\TRX_USD_1h.csv', 'data\\monthly_ohlcv\\2025-04\\TRX_USD_1h.csv', 'data\\monthly_ohlcv\\2025-05\\TRX_USD_1h.csv', 'data\\monthly_ohlcv\\2025-06\\TRX_USD_1h.csv', 'data\\monthly_ohlcv\\2025-07\\TRX_USD_1h.csv', 'data\\monthly_ohlcv\\2025-08\\TRX_USD_1h.csv', 'data\\monthly_ohlcv\\2025-09\\TRX_USD_1h.csv', 'data\\monthly_ohlcv\\2025-10\\TRX_USD_1h.csv', 'data\\monthly_ohlcv\\2025-11\\TRX_USD_1h.csv', 'data\\monthly_ohlcv\\2025-12\\TRX_USD_1h.csv', 'data\\monthly_ohlcv\\2026-01\\TRX_USD_1h.csv', 'data\\monthly_ohlcv\\2026-02\\TRX_USD_1h.csv', 'data\\monthly_ohlcv\\2026-03\\TRX_USD_1h.csv']"
TUT/USD,ok,TUTUSDT,1h,8562,2025-03-27 21:00:00+00:00,2026-03-19 14:00:00+00:00,"['data\\monthly_ohlcv\\2025-03\\TUT_USD_1h.csv', 'data\\monthly_ohlcv\\2025-04\\TUT_USD_1h.csv', 'data\\monthly_ohlcv\\2025-05\\TUT_USD_1h.csv', 'data\\monthly_ohlcv\\2025-06\\TUT_USD_1h.csv', 'data\\monthly_ohlcv\\2025-07\\TUT_USD_1h.csv', 'data\\monthly_ohlcv\\2025-08\\TUT_USD_1h.csv', 'data\\monthly_ohlcv\\2025-09\\TUT_USD_1h.csv', 'data\\monthly_ohlcv\\2025-10\\TUT_USD_1h.csv', 'data\\monthly_ohlcv\\2025-11\\TUT_USD_1h.csv', 'data\\monthly_ohlcv\\2025-12\\TUT_USD_1h.csv', 'data\\monthly_ohlcv\\2026-01\\TUT_USD_1h.csv', 'data\\monthly_ohlcv\\2026-02\\TUT_USD_1h.csv', 'data\\monthly_ohlcv\\2026-03\\TUT_USD_1h.csv']"
UNI/USD,ok,UNIUSDT,1h,19407,2024-01-01 00:00:00+00:00,2026-03-19 14:00:00+00:00,"['data\\monthly_ohlcv\\2024-01\\UNI_USD_1h.csv', 'data\\monthly_ohlcv\\2024-02\\UNI_USD_1h.csv', 'data\\monthly_ohlcv\\2024-03\\UNI_USD_1h.csv', 'data\\monthly_ohlcv\\2024-04\\UNI_USD_1h.csv', 'data\\monthly_ohlcv\\2024-05\\UNI_USD_1h.csv', 'data\\monthly_ohlcv\\2024-06\\UNI_USD_1h.csv', 'data\\monthly_ohlcv\\2024-07\\UNI_USD_1h.csv', 'data\\monthly_ohlcv\\2024-08\\UNI_USD_1h.csv', 'data\\monthly_ohlcv\\2024-09\\UNI_USD_1h.csv', 'data\\monthly_ohlcv\\2024-10\\UNI_USD_1h.csv', 'data\\monthly_ohlcv\\2024-11\\UNI_USD_1h.csv', 'data\\monthly_ohlcv\\2024-12\\UNI_USD_1h.csv', 'data\\monthly_ohlcv\\2025-01\\UNI_USD_1h.csv', 'data\\monthly_ohlcv\\2025-02\\UNI_USD_1h.csv', 'data\\monthly_ohlcv\\2025-03\\UNI_USD_1h.csv', 'data\\monthly_ohlcv\\2025-04\\UNI_USD_1h.csv', 'data\\monthly_ohlcv\\2025-05\\UNI_USD_1h.csv', 'data\\monthly_ohlcv\\2025-06\\UNI_USD_1h.csv', 'data\\monthly_ohlcv\\2025-07\\UNI_USD_1h.csv', 'data\\monthly_ohlcv\\2025-08\\UNI_USD_1h.csv', 'data\\monthly_ohlcv\\2025-09\\UNI_USD_1h.csv', 'data\\monthly_ohlcv\\2025-10\\UNI_USD_1h.csv', 'data\\monthly_ohlcv\\2025-11\\UNI_USD_1h.csv', 'data\\monthly_ohlcv\\2025-12\\UNI_USD_1h.csv', 'data\\monthly_ohlcv\\2026-01\\UNI_USD_1h.csv', 'data\\monthly_ohlcv\\2026-02\\UNI_USD_1h.csv', 'data\\monthly_ohlcv\\2026-03\\UNI_USD_1h.csv']"
VIRTUAL/USD,ok,VIRTUALUSDT,1h,8209,2025-04-11 14:00:00+00:00,2026-03-19 14:00:00+00:00,"['data\\monthly_ohlcv\\2025-04\\VIRTUAL_USD_1h.csv', 'data\\monthly_ohlcv\\2025-05\\VIRTUAL_USD_1h.csv', 'data\\monthly_ohlcv\\2025-06\\VIRTUAL_USD_1h.csv', 'data\\monthly_ohlcv\\2025-07\\VIRTUAL_USD_1h.csv', 'data\\monthly_ohlcv\\2025-08\\VIRTUAL_USD_1h.csv', 'data\\monthly_ohlcv\\2025-09\\VIRTUAL_USD_1h.csv', 'data\\monthly_ohlcv\\2025-10\\VIRTUAL_USD_1h.csv', 'data\\monthly_ohlcv\\2025-11\\VIRTUAL_USD_1h.csv', 'data\\monthly_ohlcv\\2025-12\\VIRTUAL_USD_1h.csv', 'data\\monthly_ohlcv\\2026-01\\VIRTUAL_USD_1h.csv', 'data\\monthly_ohlcv\\2026-02\\VIRTUAL_USD_1h.csv', 'data\\monthly_ohlcv\\2026-03\\VIRTUAL_USD_1h.csv']"
WIF/USD,ok,WIFUSDT,1h,17857,2024-03-05 14:00:00+00:00,2026-03-19 14:00:00+00:00,"['data\\monthly_ohlcv\\2024-03\\WIF_USD_1h.csv', 'data\\monthly_ohlcv\\2024-04\\WIF_USD_1h.csv', 'data\\monthly_ohlcv\\2024-05\\WIF_USD_1h.csv', 'data\\monthly_ohlcv\\2024-06\\WIF_USD_1h.csv', 'data\\monthly_ohlcv\\2024-07\\WIF_USD_1h.csv', 'data\\monthly_ohlcv\\2024-08\\WIF_USD_1h.csv', 'data\\monthly_ohlcv\\2024-09\\WIF_USD_1h.csv', 'data\\monthly_ohlcv\\2024-10\\WIF_USD_1h.csv', 'data\\monthly_ohlcv\\2024-11\\WIF_USD_1h.csv', 'data\\monthly_ohlcv\\2024-12\\WIF_USD_1h.csv', 'data\\monthly_ohlcv\\2025-01\\WIF_USD_1h.csv', 'data\\monthly_ohlcv\\2025-02\\WIF_USD_1h.csv', 'data\\monthly_ohlcv\\2025-03\\WIF_USD_1h.csv', 'data\\monthly_ohlcv\\2025-04\\WIF_USD_1h.csv', 'data\\monthly_ohlcv\\2025-05\\WIF_USD_1h.csv', 'data\\monthly_ohlcv\\2025-06\\WIF_USD_1h.csv', 'data\\monthly_ohlcv\\2025-07\\WIF_USD_1h.csv', 'data\\monthly_ohlcv\\2025-08\\WIF_USD_1h.csv', 'data\\monthly_ohlcv\\2025-09\\WIF_USD_1h.csv', 'data\\monthly_ohlcv\\2025-10\\WIF_USD_1h.csv', 'data\\monthly_ohlcv\\2025-11\\WIF_USD_1h.csv', 'data\\monthly_ohlcv\\2025-12\\WIF_USD_1h.csv', 'data\\monthly_ohlcv\\2026-01\\WIF_USD_1h.csv', 'data\\monthly_ohlcv\\2026-02\\WIF_USD_1h.csv', 'data\\monthly_ohlcv\\2026-03\\WIF_USD_1h.csv']"
WLD/USD,ok,WLDUSDT,1h,19407,2024-01-01 00:00:00+00:00,2026-03-19 14:00:00+00:00,"['data\\monthly_ohlcv\\2024-01\\WLD_USD_1h.csv', 'data\\monthly_ohlcv\\2024-02\\WLD_USD_1h.csv', 'data\\monthly_ohlcv\\2024-03\\WLD_USD_1h.csv', 'data\\monthly_ohlcv\\2024-04\\WLD_USD_1h.csv', 'data\\monthly_ohlcv\\2024-05\\WLD_USD_1h.csv', 'data\\monthly_ohlcv\\2024-06\\WLD_USD_1h.csv', 'data\\monthly_ohlcv\\2024-07\\WLD_USD_1h.csv', 'data\\monthly_ohlcv\\2024-08\\WLD_USD_1h.csv', 'data\\monthly_ohlcv\\2024-09\\WLD_USD_1h.csv', 'data\\monthly_ohlcv\\2024-10\\WLD_USD_1h.csv', 'data\\monthly_ohlcv\\2024-11\\WLD_USD_1h.csv', 'data\\monthly_ohlcv\\2024-12\\WLD_USD_1h.csv', 'data\\monthly_ohlcv\\2025-01\\WLD_USD_1h.csv', 'data\\monthly_ohlcv\\2025-02\\WLD_USD_1h.csv', 'data\\monthly_ohlcv\\2025-03\\WLD_USD_1h.csv', 'data\\monthly_ohlcv\\2025-04\\WLD_USD_1h.csv', 'data\\monthly_ohlcv\\2025-05\\WLD_USD_1h.csv', 'data\\monthly_ohlcv\\2025-06\\WLD_USD_1h.csv', 'data\\monthly_ohlcv\\2025-07\\WLD_USD_1h.csv', 'data\\monthly_ohlcv\\2025-08\\WLD_USD_1h.csv', 'data\\monthly_ohlcv\\2025-09\\WLD_USD_1h.csv', 'data\\monthly_ohlcv\\2025-10\\WLD_USD_1h.csv', 'data\\monthly_ohlcv\\2025-11\\WLD_USD_1h.csv', 'data\\monthly_ohlcv\\2025-12\\WLD_USD_1h.csv', 'data\\monthly_ohlcv\\2026-01\\WLD_USD_1h.csv', 'data\\monthly_ohlcv\\2026-02\\WLD_USD_1h.csv', 'data\\monthly_ohlcv\\2026-03\\WLD_USD_1h.csv']"
WLFI/USD,ok,WLFIUSDT,1h,4778,2025-09-01 13:00:00+00:00,2026-03-19 14:00:00+00:00,"['data\\monthly_ohlcv\\2025-09\\WLFI_USD_1h.csv', 'data\\monthly_ohlcv\\2025-10\\WLFI_USD_1h.csv', 'data\\monthly_ohlcv\\2025-11\\WLFI_USD_1h.csv', 'data\\monthly_ohlcv\\2025-12\\WLFI_USD_1h.csv', 'data\\monthly_ohlcv\\2026-01\\WLFI_USD_1h.csv', 'data\\monthly_ohlcv\\2026-02\\WLFI_USD_1h.csv', 'data\\monthly_ohlcv\\2026-03\\WLFI_USD_1h.csv']"
XLM/USD,ok,XLMUSDT,1h,19407,2024-01-01 00:00:00+00:00,2026-03-19 14:00:00+00:00,"['data\\monthly_ohlcv\\2024-01\\XLM_USD_1h.csv', 'data\\monthly_ohlcv\\2024-02\\XLM_USD_1h.csv', 'data\\monthly_ohlcv\\2024-03\\XLM_USD_1h.csv', 'data\\monthly_ohlcv\\2024-04\\XLM_USD_1h.csv', 'data\\monthly_ohlcv\\2024-05\\XLM_USD_1h.csv', 'data\\monthly_ohlcv\\2024-06\\XLM_USD_1h.csv', 'data\\monthly_ohlcv\\2024-07\\XLM_USD_1h.csv', 'data\\monthly_ohlcv\\2024-08\\XLM_USD_1h.csv', 'data\\monthly_ohlcv\\2024-09\\XLM_USD_1h.csv', 'data\\monthly_ohlcv\\2024-10\\XLM_USD_1h.csv', 'data\\monthly_ohlcv\\2024-11\\XLM_USD_1h.csv', 'data\\monthly_ohlcv\\2024-12\\XLM_USD_1h.csv', 'data\\monthly_ohlcv\\2025-01\\XLM_USD_1h.csv', 'data\\monthly_ohlcv\\2025-02\\XLM_USD_1h.csv', 'data\\monthly_ohlcv\\2025-03\\XLM_USD_1h.csv', 'data\\monthly_ohlcv\\2025-04\\XLM_USD_1h.csv', 'data\\monthly_ohlcv\\2025-05\\XLM_USD_1h.csv', 'data\\monthly_ohlcv\\2025-06\\XLM_USD_1h.csv', 'data\\monthly_ohlcv\\2025-07\\XLM_USD_1h.csv', 'data\\monthly_ohlcv\\2025-08\\XLM_USD_1h.csv', 'data\\monthly_ohlcv\\2025-09\\XLM_USD_1h.csv', 'data\\monthly_ohlcv\\2025-10\\XLM_USD_1h.csv', 'data\\monthly_ohlcv\\2025-11\\XLM_USD_1h.csv', 'data\\monthly_ohlcv\\2025-12\\XLM_USD_1h.csv', 'data\\monthly_ohlcv\\2026-01\\XLM_USD_1h.csv', 'data\\monthly_ohlcv\\2026-02\\XLM_USD_1h.csv', 'data\\monthly_ohlcv\\2026-03\\XLM_USD_1h.csv']"
XPL/USD,ok,XPLUSDT,1h,4202,2025-09-25 13:00:00+00:00,2026-03-19 14:00:00+00:00,"['data\\monthly_ohlcv\\2025-09\\XPL_USD_1h.csv', 'data\\monthly_ohlcv\\2025-10\\XPL_USD_1h.csv', 'data\\monthly_ohlcv\\2025-11\\XPL_USD_1h.csv', 'data\\monthly_ohlcv\\2025-12\\XPL_USD_1h.csv', 'data\\monthly_ohlcv\\2026-01\\XPL_USD_1h.csv', 'data\\monthly_ohlcv\\2026-02\\XPL_USD_1h.csv', 'data\\monthly_ohlcv\\2026-03\\XPL_USD_1h.csv']"
XRP/USD,ok,XRPUSDT,1h,19407,2024-01-01 00:00:00+00:00,2026-03-19 14:00:00+00:00,"['data\\monthly_ohlcv\\2024-01\\XRP_USD_1h.csv', 'data\\monthly_ohlcv\\2024-02\\XRP_USD_1h.csv', 'data\\monthly_ohlcv\\2024-03\\XRP_USD_1h.csv', 'data\\monthly_ohlcv\\2024-04\\XRP_USD_1h.csv', 'data\\monthly_ohlcv\\2024-05\\XRP_USD_1h.csv', 'data\\monthly_ohlcv\\2024-06\\XRP_USD_1h.csv', 'data\\monthly_ohlcv\\2024-07\\XRP_USD_1h.csv', 'data\\monthly_ohlcv\\2024-08\\XRP_USD_1h.csv', 'data\\monthly_ohlcv\\2024-09\\XRP_USD_1h.csv', 'data\\monthly_ohlcv\\2024-10\\XRP_USD_1h.csv', 'data\\monthly_ohlcv\\2024-11\\XRP_USD_1h.csv', 'data\\monthly_ohlcv\\2024-12\\XRP_USD_1h.csv', 'data\\monthly_ohlcv\\2025-01\\XRP_USD_1h.csv', 'data\\monthly_ohlcv\\2025-02\\XRP_USD_1h.csv', 'data\\monthly_ohlcv\\2025-03\\XRP_USD_1h.csv', 'data\\monthly_ohlcv\\2025-04\\XRP_USD_1h.csv', 'data\\monthly_ohlcv\\2025-05\\XRP_USD_1h.csv', 'data\\monthly_ohlcv\\2025-06\\XRP_USD_1h.csv', 'data\\monthly_ohlcv\\2025-07\\XRP_USD_1h.csv', 'data\\monthly_ohlcv\\2025-08\\XRP_USD_1h.csv', 'data\\monthly_ohlcv\\2025-09\\XRP_USD_1h.csv', 'data\\monthly_ohlcv\\2025-10\\XRP_USD_1h.csv', 'data\\monthly_ohlcv\\2025-11\\XRP_USD_1h.csv', 'data\\monthly_ohlcv\\2025-12\\XRP_USD_1h.csv', 'data\\monthly_ohlcv\\2026-01\\XRP_USD_1h.csv', 'data\\monthly_ohlcv\\2026-02\\XRP_USD_1h.csv', 'data\\monthly_ohlcv\\2026-03\\XRP_USD_1h.csv']"
ZEC/USD,ok,ZECUSDT,1h,19407,2024-01-01 00:00:00+00:00,2026-03-19 14:00:00+00:00,"['data\\monthly_ohlcv\\2024-01\\ZEC_USD_1h.csv', 'data\\monthly_ohlcv\\2024-02\\ZEC_USD_1h.csv', 'data\\monthly_ohlcv\\2024-03\\ZEC_USD_1h.csv', 'data\\monthly_ohlcv\\2024-04\\ZEC_USD_1h.csv', 'data\\monthly_ohlcv\\2024-05\\ZEC_USD_1h.csv', 'data\\monthly_ohlcv\\2024-06\\ZEC_USD_1h.csv', 'data\\monthly_ohlcv\\2024-07\\ZEC_USD_1h.csv', 'data\\monthly_ohlcv\\2024-08\\ZEC_USD_1h.csv', 'data\\monthly_ohlcv\\2024-09\\ZEC_USD_1h.csv', 'data\\monthly_ohlcv\\2024-10\\ZEC_USD_1h.csv', 'data\\monthly_ohlcv\\2024-11\\ZEC_USD_1h.csv', 'data\\monthly_ohlcv\\2024-12\\ZEC_USD_1h.csv', 'data\\monthly_ohlcv\\2025-01\\ZEC_USD_1h.csv', 'data\\monthly_ohlcv\\2025-02\\ZEC_USD_1h.csv', 'data\\monthly_ohlcv\\2025-03\\ZEC_USD_1h.csv', 'data\\monthly_ohlcv\\2025-04\\ZEC_USD_1h.csv', 'data\\monthly_ohlcv\\2025-05\\ZEC_USD_1h.csv', 'data\\monthly_ohlcv\\2025-06\\ZEC_USD_1h.csv', 'data\\monthly_ohlcv\\2025-07\\ZEC_USD_1h.csv', 'data\\monthly_ohlcv\\2025-08\\ZEC_USD_1h.csv', 'data\\monthly_ohlcv\\2025-09\\ZEC_USD_1h.csv', 'data\\monthly_ohlcv\\2025-10\\ZEC_USD_1h.csv', 'data\\monthly_ohlcv\\2025-11\\ZEC_USD_1h.csv', 'data\\monthly_ohlcv\\2025-12\\ZEC_USD_1h.csv', 'data\\monthly_ohlcv\\2026-01\\ZEC_USD_1h.csv', 'data\\monthly_ohlcv\\2026-02\\ZEC_USD_1h.csv', 'data\\monthly_ohlcv\\2026-03\\ZEC_USD_1h.csv']"
ZEN/USD,ok,ZENUSDT,1h,19407,2024-01-01 00:00:00+00:00,2026-03-19 14:00:00+00:00,"['data\\monthly_ohlcv\\2024-01\\ZEN_USD_1h.csv', 'data\\monthly_ohlcv\\2024-02\\ZEN_USD_1h.csv', 'data\\monthly_ohlcv\\2024-03\\ZEN_USD_1h.csv', 'data\\monthly_ohlcv\\2024-04\\ZEN_USD_1h.csv', 'data\\monthly_ohlcv\\2024-05\\ZEN_USD_1h.csv', 'data\\monthly_ohlcv\\2024-06\\ZEN_USD_1h.csv', 'data\\monthly_ohlcv\\2024-07\\ZEN_USD_1h.csv', 'data\\monthly_ohlcv\\2024-08\\ZEN_USD_1h.csv', 'data\\monthly_ohlcv\\2024-09\\ZEN_USD_1h.csv', 'data\\monthly_ohlcv\\2024-10\\ZEN_USD_1h.csv', 'data\\monthly_ohlcv\\2024-11\\ZEN_USD_1h.csv', 'data\\monthly_ohlcv\\2024-12\\ZEN_USD_1h.csv', 'data\\monthly_ohlcv\\2025-01\\ZEN_USD_1h.csv', 'data\\monthly_ohlcv\\2025-02\\ZEN_USD_1h.csv', 'data\\monthly_ohlcv\\2025-03\\ZEN_USD_1h.csv', 'data\\monthly_ohlcv\\2025-04\\ZEN_USD_1h.csv', 'data\\monthly_ohlcv\\2025-05\\ZEN_USD_1h.csv', 'data\\monthly_ohlcv\\2025-06\\ZEN_USD_1h.csv', 'data\\monthly_ohlcv\\2025-07\\ZEN_USD_1h.csv', 'data\\monthly_ohlcv\\2025-08\\ZEN_USD_1h.csv', 'data\\monthly_ohlcv\\2025-09\\ZEN_USD_1h.csv', 'data\\monthly_ohlcv\\2025-10\\ZEN_USD_1h.csv', 'data\\monthly_ohlcv\\2025-11\\ZEN_USD_1h.csv', 'data\\monthly_ohlcv\\2025-12\\ZEN_USD_1h.csv', 'data\\monthly_ohlcv\\2026-01\\ZEN_USD_1h.csv', 'data\\monthly_ohlcv\\2026-02\\ZEN_USD_1h.csv', 'data\\monthly_ohlcv\\2026-03\\ZEN_USD_1h.csv']"
